/*******************************************************************************
 * Size: 18 px
 * Bpp: 4
 * Opts: --font ../../assets/fonts/ArimoNerdFont-Regular.ttf --size 18 --bpp 4 --format lvgl --no-compress -r 0x20-0x7E -r 0xE615 -r 0xE690 -r 0xE7B0 -r 0xEAA2 -r 0xEABE -r 0xEAD8 -r 0xEADC -r 0xEB51 -r 0xF00D -r 0xF027 -r 0xF028 -r 0xF030 -r 0xF03A -r 0xF03E -r 0xF04B -r 0xF04D -r 0xF06A -r 0xF08E -r 0xF110 -r 0xF11C -r 0xF129 -r 0xF204 -r 0xF205 -r 0xF2A2 -r 0xF2C7 -r 0xF300 -r 0xF315 -r 0xF4A7 -r 0xF4ED -r 0xF0001 -r 0xF0002 -r 0xF0003 -r 0xF0004 -r 0xF0005 -r 0xF0006 -r 0xF0007 -r 0xF0008 -r 0xF0009 -r 0xF000A -r 0xF000B -r 0xF000C -r 0xF000D -r 0xF000E -r 0xF000F -r 0xF0010 -r 0xF0011 -r 0xF0012 -r 0xF0013 -r 0xF0014 -r 0xF0015 -r 0xF0016 -r 0xF0017 -r 0xF0018 -r 0xF0019 -r 0xF001A -r 0xF001B -r 0xF001C -r 0xF001D -r 0xF001E -r 0xF001F -r 0xF002A -r 0xF003B -r 0xF0064 -r 0xF006F -r 0xF0079 -r 0xF0083 -r 0xF0084 -r 0xF009E -r 0xF0100 -r 0xF0101 -r 0xF0104 -r 0xF012C -r 0xF0131 -r 0xF0159 -r 0xF015A -r 0xF0167 -r 0xF018F -r 0xF01B4 -r 0xF01D6 -r 0xF01DA -r 0xF0200 -r 0xF0205 -r 0xF0214 -r 0xF0224 -r 0xF024B -r 0xF0252 -r 0xF0258 -r 0xF02D7 -r 0xF02DC -r 0xF02E9 -r 0xF02FA -r 0xF02FC -r 0xF0309 -r 0xF030A -r 0xF0311 -r 0xF0315 -r 0xF0318 -r 0xF0319 -r 0xF031A -r 0xF0336 -r 0xF0342 -r 0xF0343 -r 0xF035B -r 0xF035C -r 0xF036C -r 0xF036D -r 0xF0379 -r 0xF040A -r 0xF0425 -r 0xF0432 -r 0xF044A -r 0xF0454 -r 0xF0459 -r 0xF0484 -r 0xF048B -r 0xF0493 -r 0xF0494 -r 0xF04DB -r 0xF0504 -r 0xF050A -r 0xF0547 -r 0xF057E -r 0xF0580 -r 0xF059F -r 0xF05A7 -r 0xF05A9 -r 0xF05AA -r 0xF05AD -r 0xF0618 -r 0xF064B -r 0xF065C -r 0xF06A9 -r 0xF06F3 -r 0xF06F6 -r 0xF0709 -r 0xF073A -r 0xF0766 -r 0xF07D0 -r 0xF0849 -r 0xF0868 -r 0xF08C0 -r 0xF08C6 -r 0xF091F -r 0xF0922 -r 0xF0925 -r 0xF0928 -r 0xF092D -r 0xF092F -r 0xF09AA -r 0xF0A1E -r 0xF0A5F -r 0xF0A60 -r 0xF0A8E -r 0xF0AA5 -r 0xF0AB9 -r 0xF0B2C -r 0xF0B98 -r 0xF0BC4 -r 0xF0BC5 -r 0xF0BCD -r 0xF0C52 -r 0xF0CC6 -r 0xF0D95 -r 0xF0D97 -r 0xF0DAE -r 0xF0E49 -r 0xF0EC5 -r 0xF0F94 -r 0xF101E -r 0xF1050 -r 0xF1087 -r 0xF109A -r 0xF12A1 -r 0xF12AA -r 0xF12C6 -r 0xF14FB -r 0xF1574 -r 0xF15AB -r 0xF16B5 -r 0xF16BD -r 0xF16BE -r 0xF16C3 -r 0xF16C5 -r 0xF16C7 -r 0xF1949 -r 0xF1A4E -o ubo_icon_18.c
 ******************************************************************************/

#ifdef LV_LVGL_H_INCLUDE_SIMPLE
#include "lvgl.h"
#else
#include "lvgl/lvgl.h"
#endif

#ifndef UBO_ICON_18
#define UBO_ICON_18 1
#endif

#if UBO_ICON_18

/*-----------------
 *    BITMAPS
 *----------------*/

/*Store the image of the glyphs*/
static LV_ATTRIBUTE_LARGE_CONST const uint8_t glyph_bitmap[] = {
    /* U+0020 " " */

    /* U+0021 "!" */
    0x5f, 0x55, 0xf5, 0x4f, 0x44, 0xf4, 0x4f, 0x43,
    0xf3, 0x3f, 0x32, 0xf3, 0x2f, 0x20, 0x20, 0x0,
    0x4, 0xd4, 0x6f, 0x50,

    /* U+0022 "\"" */
    0x3f, 0x50, 0xf9, 0x2f, 0x40, 0xe8, 0x1f, 0x40,
    0xe8, 0x1f, 0x30, 0xd7, 0x0, 0x0, 0x0,

    /* U+0023 "#" */
    0x0, 0x6, 0x90, 0x3, 0xb0, 0x0, 0x9, 0x60,
    0x6, 0x80, 0x0, 0xc, 0x30, 0x9, 0x50, 0x0,
    0xe, 0x0, 0xc, 0x20, 0x7f, 0xff, 0xff, 0xff,
    0xfe, 0x0, 0x59, 0x0, 0x3c, 0x0, 0x0, 0x96,
    0x0, 0x78, 0x0, 0x0, 0xd2, 0x0, 0xa4, 0x0,
    0xef, 0xff, 0xff, 0xff, 0xf7, 0x4, 0xb0, 0x1,
    0xe0, 0x0, 0x6, 0x80, 0x4, 0xb0, 0x0, 0x9,
    0x50, 0x7, 0x80, 0x0, 0xc, 0x20, 0xa, 0x50,
    0x0,

    /* U+0024 "$" */
    0x1, 0x8d, 0xff, 0xe9, 0x10, 0xb, 0xe7, 0xab,
    0x7f, 0xc0, 0x1f, 0x60, 0x7a, 0x6, 0xf4, 0x3f,
    0x50, 0x7a, 0x0, 0x20, 0xf, 0xc1, 0x7a, 0x0,
    0x0, 0x6, 0xff, 0xdc, 0x20, 0x0, 0x0, 0x29,
    0xef, 0xfc, 0x40, 0x0, 0x0, 0x7b, 0x7e, 0xf3,
    0x0, 0x0, 0x7a, 0x2, 0xf9, 0x57, 0x0, 0x7a,
    0x0, 0xdb, 0x8f, 0x20, 0x7a, 0x1, 0xf9, 0x1e,
    0xe7, 0xac, 0x6d, 0xf2, 0x1, 0x9d, 0xff, 0xea,
    0x20, 0x0, 0x0, 0x7a, 0x0, 0x0, 0x0, 0x0,
    0x35, 0x0, 0x0,

    /* U+0025 "%" */
    0x3, 0xdf, 0xb1, 0x0, 0x0, 0xe, 0x60, 0x0,
    0xe, 0x80, 0xab, 0x0, 0x0, 0x9c, 0x0, 0x0,
    0x3f, 0x10, 0x3f, 0x10, 0x3, 0xf3, 0x0, 0x0,
    0x5f, 0x0, 0x1f, 0x20, 0xc, 0x80, 0x0, 0x0,
    0x5f, 0x0, 0x1f, 0x20, 0x6e, 0x0, 0x0, 0x0,
    0x3f, 0x10, 0x3f, 0x11, 0xf4, 0x1a, 0xdb, 0x20,
    0xe, 0x70, 0x9b, 0xa, 0xa0, 0xcb, 0x29, 0xd0,
    0x4, 0xef, 0xd2, 0x4f, 0x11, 0xf3, 0x1, 0xf2,
    0x0, 0x1, 0x0, 0xe6, 0x3, 0xf1, 0x0, 0xf4,
    0x0, 0x0, 0x8, 0xc0, 0x2, 0xf1, 0x0, 0xf4,
    0x0, 0x0, 0x3f, 0x30, 0x1, 0xf3, 0x1, 0xf3,
    0x0, 0x0, 0xc8, 0x0, 0x0, 0xb9, 0x7, 0xd0,
    0x0, 0x6, 0xe0, 0x0, 0x0, 0x2c, 0xed, 0x30,

    /* U+0026 "&" */
    0x0, 0x1, 0xae, 0xea, 0x10, 0x0, 0x0, 0xb,
    0xc3, 0x3c, 0xb0, 0x0, 0x0, 0xf, 0x50, 0x6,
    0xe0, 0x0, 0x0, 0xf, 0x50, 0xb, 0xc0, 0x0,
    0x0, 0xc, 0xa3, 0xce, 0x20, 0x0, 0x0, 0x8,
    0xff, 0x91, 0x0, 0x0, 0x0, 0xbf, 0xf9, 0x0,
    0x8, 0x50, 0xb, 0xd2, 0x5f, 0x30, 0xe, 0x60,
    0x2f, 0x40, 0xb, 0xd0, 0x5f, 0x10, 0x5f, 0x20,
    0x1, 0xea, 0xd9, 0x0, 0x3f, 0x60, 0x0, 0x4f,
    0xf1, 0x0, 0xc, 0xf8, 0x57, 0xdf, 0xfb, 0x54,
    0x0, 0x8d, 0xfe, 0xa2, 0x5d, 0xfa,

    /* U+0027 "'" */
    0xf, 0x80, 0xf7, 0xf, 0x60, 0xe5, 0x0, 0x0,

    /* U+0028 "(" */
    0x0, 0x1e, 0x80, 0xc, 0xc0, 0x6, 0xf2, 0x0,
    0xeb, 0x0, 0x4f, 0x50, 0x8, 0xf1, 0x0, 0xbd,
    0x0, 0xc, 0xc0, 0x0, 0xdb, 0x0, 0xc, 0xc0,
    0x0, 0xbd, 0x0, 0x8, 0xf1, 0x0, 0x4f, 0x50,
    0x0, 0xeb, 0x0, 0x6, 0xf2, 0x0, 0xc, 0xc0,
    0x0, 0x1e, 0x80,

    /* U+0029 ")" */
    0x8e, 0x10, 0x0, 0xcc, 0x0, 0x3, 0xf6, 0x0,
    0xb, 0xd0, 0x0, 0x5f, 0x30, 0x1, 0xf8, 0x0,
    0xe, 0xb0, 0x0, 0xcc, 0x0, 0xb, 0xd0, 0x0,
    0xcc, 0x0, 0xe, 0xb0, 0x1, 0xf8, 0x0, 0x5f,
    0x40, 0xb, 0xd0, 0x2, 0xf6, 0x0, 0xcc, 0x0,
    0x8e, 0x10, 0x0,

    /* U+002A "*" */
    0x0, 0xf, 0x10, 0x1, 0x0, 0xf1, 0x1, 0x8e,
    0x8f, 0x8e, 0x90, 0x4a, 0xfa, 0x40, 0x0, 0xd9,
    0xd0, 0x0, 0xab, 0xc, 0x90, 0x2, 0x20, 0x22,
    0x0,

    /* U+002B "+" */
    0x0, 0x0, 0x1, 0x0, 0x0, 0x0, 0x0, 0x6e,
    0x0, 0x0, 0x0, 0x0, 0x6e, 0x0, 0x0, 0x0,
    0x0, 0x6e, 0x0, 0x0, 0x1, 0x11, 0x6e, 0x11,
    0x10, 0x2f, 0xff, 0xff, 0xff, 0xfa, 0x4, 0x44,
    0x8e, 0x44, 0x42, 0x0, 0x0, 0x6e, 0x0, 0x0,
    0x0, 0x0, 0x6e, 0x0, 0x0, 0x0, 0x0, 0x6e,
    0x0, 0x0,

    /* U+002C "," */
    0x5f, 0x65, 0xf6, 0xa, 0x50, 0xd1, 0x26, 0x0,

    /* U+002D "-" */
    0x2, 0x22, 0x20, 0x3f, 0xff, 0xf3, 0x15, 0x55,
    0x50,

    /* U+002E "." */
    0x5f, 0x55, 0xf5,

    /* U+002F "/" */
    0x0, 0x8, 0xd0, 0x0, 0xc9, 0x0, 0x1f, 0x40,
    0x5, 0xf0, 0x0, 0xac, 0x0, 0xe, 0x70, 0x3,
    0xf3, 0x0, 0x7e, 0x0, 0xc, 0xa0, 0x0, 0xf6,
    0x0, 0x4f, 0x10, 0x9, 0xd0, 0x0, 0xd8, 0x0,
    0x0,

    /* U+0030 "0" */
    0x0, 0x3b, 0xff, 0xb3, 0x0, 0x2, 0xfd, 0x66,
    0xcf, 0x20, 0xa, 0xe1, 0x0, 0x1e, 0xa0, 0xf,
    0x90, 0x0, 0x9, 0xf0, 0x2f, 0x60, 0x0, 0x6,
    0xf2, 0x4f, 0x50, 0x0, 0x5, 0xf4, 0x4f, 0x40,
    0x0, 0x4, 0xf4, 0x4f, 0x50, 0x0, 0x5, 0xf4,
    0x2f, 0x60, 0x0, 0x6, 0xf2, 0xf, 0x90, 0x0,
    0xa, 0xf0, 0xa, 0xe1, 0x0, 0x1f, 0xa0, 0x2,
    0xfd, 0x66, 0xde, 0x20, 0x0, 0x2b, 0xff, 0xb2,
    0x0,

    /* U+0031 "1" */
    0x0, 0x3d, 0xf2, 0x0, 0x0, 0x7f, 0xef, 0x20,
    0x0, 0x4f, 0x57, 0xf2, 0x0, 0x2, 0x20, 0x7f,
    0x20, 0x0, 0x0, 0x7, 0xf2, 0x0, 0x0, 0x0,
    0x7f, 0x20, 0x0, 0x0, 0x7, 0xf2, 0x0, 0x0,
    0x0, 0x7f, 0x20, 0x0, 0x0, 0x7, 0xf2, 0x0,
    0x0, 0x0, 0x7f, 0x20, 0x0, 0x0, 0x7, 0xf2,
    0x0, 0x3, 0x66, 0xaf, 0x76, 0x60, 0xaf, 0xff,
    0xff, 0xff, 0x20,

    /* U+0032 "2" */
    0x0, 0x3b, 0xee, 0xc5, 0x0, 0x3, 0xfd, 0x66,
    0xcf, 0x40, 0xc, 0xe0, 0x0, 0xe, 0xb0, 0x6,
    0x50, 0x0, 0xc, 0xd0, 0x0, 0x0, 0x0, 0xe,
    0xb0, 0x0, 0x0, 0x0, 0x7f, 0x40, 0x0, 0x0,
    0x5, 0xf8, 0x0, 0x0, 0x0, 0x8f, 0x80, 0x0,
    0x0, 0xa, 0xf6, 0x0, 0x0, 0x0, 0x9f, 0x50,
    0x0, 0x0, 0x5, 0xf5, 0x0, 0x0, 0x0, 0xd,
    0xe6, 0x66, 0x66, 0x60, 0x1f, 0xff, 0xff, 0xff,
    0xf1,

    /* U+0033 "3" */
    0x0, 0x4c, 0xee, 0xc4, 0x0, 0x5, 0xfc, 0x66,
    0xdf, 0x40, 0xd, 0xd0, 0x0, 0x1f, 0xb0, 0x7,
    0x40, 0x0, 0xc, 0xd0, 0x0, 0x0, 0x0, 0xe,
    0xa0, 0x0, 0x0, 0x14, 0xbe, 0x20, 0x0, 0x5,
    0xff, 0xd3, 0x0, 0x0, 0x1, 0x46, 0xbf, 0x50,
    0x0, 0x0, 0x0, 0xb, 0xf0, 0x16, 0x30, 0x0,
    0x7, 0xf2, 0x1f, 0xb0, 0x0, 0xb, 0xf1, 0x8,
    0xfb, 0x66, 0xbf, 0x90, 0x0, 0x6c, 0xff, 0xc6,
    0x0,

    /* U+0034 "4" */
    0x0, 0x0, 0x3, 0xfc, 0x0, 0x0, 0x0, 0xd,
    0xfc, 0x0, 0x0, 0x0, 0x8e, 0xcc, 0x0, 0x0,
    0x2, 0xf5, 0xcc, 0x0, 0x0, 0xc, 0xb0, 0xcc,
    0x0, 0x0, 0x6f, 0x20, 0xcc, 0x0, 0x1, 0xe7,
    0x0, 0xcc, 0x0, 0xa, 0xc0, 0x0, 0xcc, 0x0,
    0x4f, 0x30, 0x0, 0xcc, 0x0, 0x9f, 0xff, 0xff,
    0xff, 0xf7, 0x23, 0x33, 0x33, 0xcc, 0x31, 0x0,
    0x0, 0x0, 0xcc, 0x0, 0x0, 0x0, 0x0, 0xcc,
    0x0,

    /* U+0035 "5" */
    0x8, 0xff, 0xff, 0xff, 0x80, 0x9, 0xf6, 0x66,
    0x66, 0x30, 0xa, 0xe0, 0x0, 0x0, 0x0, 0xb,
    0xd0, 0x0, 0x0, 0x0, 0xc, 0xc0, 0x0, 0x0,
    0x0, 0xd, 0xda, 0xff, 0xe7, 0x0, 0xe, 0xf9,
    0x55, 0xbf, 0x80, 0x1, 0x10, 0x0, 0xc, 0xf0,
    0x0, 0x0, 0x0, 0x7, 0xf3, 0x0, 0x0, 0x0,
    0x7, 0xf2, 0x1f, 0xa0, 0x0, 0xd, 0xe0, 0x9,
    0xfa, 0x67, 0xdf, 0x60, 0x0, 0x7d, 0xff, 0xc4,
    0x0,

    /* U+0036 "6" */
    0x0, 0x8, 0xef, 0xd5, 0x0, 0x0, 0xbf, 0x85,
    0xbf, 0x50, 0x5, 0xf5, 0x0, 0xc, 0x90, 0xa,
    0xe0, 0x0, 0x0, 0x0, 0xe, 0xa0, 0x0, 0x0,
    0x0, 0xf, 0x87, 0xef, 0xe7, 0x0, 0x1f, 0xdc,
    0x54, 0xaf, 0x80, 0xf, 0xe0, 0x0, 0xb, 0xf0,
    0xf, 0xa0, 0x0, 0x7, 0xf3, 0xc, 0xc0, 0x0,
    0x7, 0xf2, 0x7, 0xf3, 0x0, 0xc, 0xe0, 0x0,
    0xde, 0x76, 0xbf, 0x70, 0x0, 0x1a, 0xef, 0xd6,
    0x0,

    /* U+0037 "7" */
    0x1f, 0xff, 0xff, 0xff, 0xf1, 0x6, 0x66, 0x66,
    0x6c, 0xe0, 0x0, 0x0, 0x0, 0x2f, 0x60, 0x0,
    0x0, 0x0, 0xbc, 0x0, 0x0, 0x0, 0x4, 0xf3,
    0x0, 0x0, 0x0, 0xc, 0xb0, 0x0, 0x0, 0x0,
    0x4f, 0x40, 0x0, 0x0, 0x0, 0xad, 0x0, 0x0,
    0x0, 0x1, 0xf8, 0x0, 0x0, 0x0, 0x5, 0xf4,
    0x0, 0x0, 0x0, 0x8, 0xf1, 0x0, 0x0, 0x0,
    0xa, 0xf0, 0x0, 0x0, 0x0, 0xc, 0xe0, 0x0,
    0x0,

    /* U+0038 "8" */
    0x0, 0x5c, 0xfe, 0xc5, 0x0, 0x7, 0xf9, 0x44,
    0x9f, 0x70, 0xd, 0xc0, 0x0, 0xd, 0xd0, 0xd,
    0xc0, 0x0, 0xc, 0xd0, 0x6, 0xf6, 0x11, 0x6f,
    0x60, 0x0, 0x6f, 0xff, 0xf6, 0x0, 0x4, 0xfa,
    0x44, 0xaf, 0x50, 0xe, 0xc0, 0x0, 0xb, 0xe0,
    0x2f, 0x70, 0x0, 0x7, 0xf2, 0x2f, 0x80, 0x0,
    0x8, 0xf3, 0xf, 0xc0, 0x0, 0xc, 0xf0, 0x7,
    0xfa, 0x54, 0xaf, 0x70, 0x0, 0x5c, 0xff, 0xc6,
    0x0,

    /* U+0039 "9" */
    0x0, 0x5c, 0xff, 0xb2, 0x0, 0x5, 0xfc, 0x67,
    0xee, 0x10, 0xe, 0xd0, 0x0, 0x2f, 0x80, 0x1f,
    0x80, 0x0, 0xb, 0xd0, 0x1f, 0x80, 0x0, 0x9,
    0xf0, 0xf, 0xb0, 0x0, 0xc, 0xf1, 0x8, 0xf8,
    0x12, 0xae, 0xf2, 0x0, 0x9f, 0xff, 0xa8, 0xf1,
    0x0, 0x1, 0x31, 0x9, 0xf0, 0x0, 0x0, 0x0,
    0xd, 0xb0, 0xa, 0xd0, 0x0, 0x5f, 0x50, 0x5,
    0xfb, 0x58, 0xfc, 0x0, 0x0, 0x6d, 0xfe, 0x80,
    0x0,

    /* U+003A ":" */
    0x5f, 0x55, 0xe5, 0x0, 0x0, 0x0, 0x0, 0x0,
    0x0, 0x0, 0x0, 0x0, 0x5e, 0x55, 0xf5,

    /* U+003B ";" */
    0x5f, 0x64, 0xe5, 0x0, 0x0, 0x0, 0x0, 0x0,
    0x0, 0x0, 0x0, 0x0, 0x4e, 0x55, 0xf6, 0xa,
    0x50, 0xd1, 0x26, 0x0,

    /* U+003C "<" */
    0x0, 0x0, 0x0, 0x0, 0x57, 0x0, 0x0, 0x1,
    0x7e, 0xf7, 0x0, 0x2, 0x9f, 0xe8, 0x10, 0x4,
    0xbf, 0xd6, 0x0, 0x0, 0x1f, 0xb4, 0x0, 0x0,
    0x0, 0x1f, 0xe7, 0x10, 0x0, 0x0, 0x1, 0x8e,
    0xf9, 0x20, 0x0, 0x0, 0x0, 0x6d, 0xfb, 0x40,
    0x0, 0x0, 0x0, 0x3a, 0xf9, 0x0, 0x0, 0x0,
    0x0, 0x24,

    /* U+003D "=" */
    0x1, 0x11, 0x11, 0x11, 0x10, 0x2f, 0xff, 0xff,
    0xff, 0xfa, 0x4, 0x44, 0x44, 0x44, 0x42, 0x0,
    0x0, 0x0, 0x0, 0x0, 0x0, 0x0, 0x0, 0x0,
    0x0, 0x1, 0x11, 0x11, 0x11, 0x10, 0x2f, 0xff,
    0xff, 0xff, 0xfa, 0x4, 0x44, 0x44, 0x44, 0x42,

    /* U+003E ">" */
    0x19, 0x20, 0x0, 0x0, 0x0, 0x1d, 0xfb, 0x40,
    0x0, 0x0, 0x0, 0x4b, 0xfd, 0x60, 0x0, 0x0,
    0x0, 0x29, 0xfe, 0x81, 0x0, 0x0, 0x0, 0x17,
    0xea, 0x0, 0x0, 0x0, 0x4b, 0xf9, 0x0, 0x0,
    0x5d, 0xfb, 0x40, 0x1, 0x7e, 0xf9, 0x20, 0x0,
    0x1f, 0xe7, 0x10, 0x0, 0x0, 0x15, 0x0, 0x0,
    0x0, 0x0,

    /* U+003F "?" */
    0x0, 0x3b, 0xef, 0xc6, 0x0, 0x4, 0xfe, 0x88,
    0xcf, 0xa0, 0xe, 0xd0, 0x0, 0x9, 0xf2, 0x1c,
    0x50, 0x0, 0x4, 0xf5, 0x0, 0x0, 0x0, 0x6,
    0xf3, 0x0, 0x0, 0x0, 0x2e, 0xc0, 0x0, 0x0,
    0x4, 0xec, 0x10, 0x0, 0x0, 0x4f, 0xa0, 0x0,
    0x0, 0x0, 0xdc, 0x0, 0x0, 0x0, 0x0, 0x94,
    0x0, 0x0, 0x0, 0x0, 0x0, 0x0, 0x0, 0x0,
    0x2, 0xd7, 0x0, 0x0, 0x0, 0x2, 0xf9, 0x0,
    0x0,

    /* U+0040 "@" */
    0x0, 0x0, 0x5, 0xae, 0xff, 0xd9, 0x30, 0x0,
    0x0, 0x2, 0xde, 0x84, 0x33, 0x5a, 0xf8, 0x0,
    0x0, 0x4f, 0x90, 0x0, 0x0, 0x0, 0x3e, 0x70,
    0x1, 0xe7, 0x0, 0x8e, 0xfb, 0x1e, 0x74, 0xf1,
    0xa, 0xb0, 0xc, 0xd5, 0x38, 0xcf, 0x40, 0xd7,
    0x1f, 0x40, 0x7f, 0x20, 0x0, 0xcf, 0x0, 0x99,
    0x5e, 0x0, 0xe9, 0x0, 0x0, 0xad, 0x0, 0x8b,
    0x8c, 0x2, 0xf5, 0x0, 0x0, 0xd9, 0x0, 0x9a,
    0x8a, 0x3, 0xf3, 0x0, 0x2, 0xf6, 0x0, 0xc7,
    0x7c, 0x2, 0xf4, 0x0, 0xa, 0xf4, 0x2, 0xf2,
    0x4f, 0x0, 0xdb, 0x1, 0x98, 0xf5, 0x1c, 0x90,
    0xe, 0x70, 0x3d, 0xff, 0x80, 0xaf, 0xf9, 0x0,
    0x6, 0xf4, 0x0, 0x10, 0x0, 0x1, 0x10, 0x0,
    0x0, 0x7f, 0x93, 0x10, 0x2, 0x6b, 0xd0, 0x0,
    0x0, 0x3, 0xaf, 0xff, 0xff, 0xb6, 0x0, 0x0,
    0x0, 0x0, 0x0, 0x12, 0x10, 0x0, 0x0, 0x0,

    /* U+0041 "A" */
    0x0, 0x0, 0x1f, 0xf3, 0x0, 0x0, 0x0, 0x0,
    0x7f, 0xf9, 0x0, 0x0, 0x0, 0x0, 0xdb, 0xae,
    0x0, 0x0, 0x0, 0x4, 0xf5, 0x5f, 0x50, 0x0,
    0x0, 0xa, 0xf0, 0xe, 0xb0, 0x0, 0x0, 0x1f,
    0x90, 0x9, 0xf1, 0x0, 0x0, 0x7f, 0x30, 0x3,
    0xf7, 0x0, 0x0, 0xde, 0x11, 0x11, 0xdd, 0x0,
    0x3, 0xff, 0xff, 0xff, 0xff, 0x30, 0x9, 0xf5,
    0x44, 0x44, 0x4f, 0xa0, 0xf, 0xb0, 0x0, 0x0,
    0xb, 0xf0, 0x6f, 0x50, 0x0, 0x0, 0x5, 0xf6,
    0xce, 0x0, 0x0, 0x0, 0x0, 0xec,

    /* U+0042 "B" */
    0x8f, 0xff, 0xff, 0xd8, 0x10, 0x8, 0xf7, 0x66,
    0x7a, 0xfc, 0x0, 0x8f, 0x20, 0x0, 0x9, 0xf3,
    0x8, 0xf2, 0x0, 0x0, 0x6f, 0x40, 0x8f, 0x20,
    0x0, 0x8, 0xf2, 0x8, 0xf3, 0x11, 0x26, 0xf9,
    0x0, 0x8f, 0xff, 0xff, 0xfa, 0x10, 0x8, 0xf6,
    0x44, 0x46, 0xce, 0x30, 0x8f, 0x20, 0x0, 0x0,
    0xdd, 0x8, 0xf2, 0x0, 0x0, 0xb, 0xf0, 0x8f,
    0x20, 0x0, 0x0, 0xee, 0x8, 0xf7, 0x66, 0x68,
    0xdf, 0x60, 0x8f, 0xff, 0xff, 0xeb, 0x40, 0x0,

    /* U+0043 "C" */
    0x0, 0x1, 0x8d, 0xff, 0xd8, 0x10, 0x0, 0x4,
    0xef, 0xa7, 0x7b, 0xfe, 0x20, 0x1, 0xee, 0x20,
    0x0, 0x4, 0xfd, 0x0, 0x8f, 0x40, 0x0, 0x0,
    0x5, 0x50, 0xd, 0xe0, 0x0, 0x0, 0x0, 0x0,
    0x0, 0xfb, 0x0, 0x0, 0x0, 0x0, 0x0, 0xf,
    0xa0, 0x0, 0x0, 0x0, 0x0, 0x0, 0xfb, 0x0,
    0x0, 0x0, 0x0, 0x0, 0xd, 0xe0, 0x0, 0x0,
    0x0, 0x0, 0x0, 0x8f, 0x60, 0x0, 0x0, 0x6,
    0xc1, 0x1, 0xef, 0x40, 0x0, 0x4, 0xfc, 0x0,
    0x3, 0xef, 0xb8, 0x8b, 0xfc, 0x10, 0x0, 0x1,
    0x8d, 0xfe, 0xc6, 0x0, 0x0,

    /* U+0044 "D" */
    0x8f, 0xff, 0xfe, 0xc8, 0x10, 0x0, 0x8f, 0x76,
    0x67, 0xbf, 0xe4, 0x0, 0x8f, 0x20, 0x0, 0x2,
    0xef, 0x20, 0x8f, 0x20, 0x0, 0x0, 0x3f, 0x90,
    0x8f, 0x20, 0x0, 0x0, 0xc, 0xe0, 0x8f, 0x20,
    0x0, 0x0, 0x9, 0xf1, 0x8f, 0x20, 0x0, 0x0,
    0x9, 0xf1, 0x8f, 0x20, 0x0, 0x0, 0xa, 0xf0,
    0x8f, 0x20, 0x0, 0x0, 0xe, 0xd0, 0x8f, 0x20,
    0x0, 0x0, 0x5f, 0x80, 0x8f, 0x20, 0x0, 0x3,
    0xee, 0x10, 0x8f, 0x76, 0x67, 0xaf, 0xe3, 0x0,
    0x8f, 0xff, 0xff, 0xd8, 0x10, 0x0,

    /* U+0045 "E" */
    0x8f, 0xff, 0xff, 0xff, 0xfe, 0x8, 0xf7, 0x66,
    0x66, 0x66, 0x50, 0x8f, 0x20, 0x0, 0x0, 0x0,
    0x8, 0xf2, 0x0, 0x0, 0x0, 0x0, 0x8f, 0x20,
    0x0, 0x0, 0x0, 0x8, 0xf3, 0x11, 0x11, 0x11,
    0x0, 0x8f, 0xff, 0xff, 0xff, 0xf5, 0x8, 0xf6,
    0x44, 0x44, 0x44, 0x10, 0x8f, 0x20, 0x0, 0x0,
    0x0, 0x8, 0xf2, 0x0, 0x0, 0x0, 0x0, 0x8f,
    0x20, 0x0, 0x0, 0x0, 0x8, 0xf8, 0x66, 0x66,
    0x66, 0x61, 0x8f, 0xff, 0xff, 0xff, 0xff, 0x30,

    /* U+0046 "F" */
    0x8f, 0xff, 0xff, 0xff, 0xf4, 0x8f, 0x76, 0x66,
    0x66, 0x61, 0x8f, 0x20, 0x0, 0x0, 0x0, 0x8f,
    0x20, 0x0, 0x0, 0x0, 0x8f, 0x20, 0x0, 0x0,
    0x0, 0x8f, 0x20, 0x0, 0x0, 0x0, 0x8f, 0x31,
    0x11, 0x11, 0x10, 0x8f, 0xff, 0xff, 0xff, 0xf1,
    0x8f, 0x64, 0x44, 0x44, 0x40, 0x8f, 0x20, 0x0,
    0x0, 0x0, 0x8f, 0x20, 0x0, 0x0, 0x0, 0x8f,
    0x20, 0x0, 0x0, 0x0, 0x8f, 0x20, 0x0, 0x0,
    0x0,

    /* U+0047 "G" */
    0x0, 0x1, 0x8d, 0xff, 0xd9, 0x20, 0x0, 0x4,
    0xff, 0xa7, 0x7a, 0xff, 0x50, 0x2, 0xfd, 0x20,
    0x0, 0x2, 0xef, 0x10, 0x9f, 0x40, 0x0, 0x0,
    0x3, 0x60, 0xe, 0xd0, 0x0, 0x0, 0x0, 0x0,
    0x0, 0xfa, 0x0, 0x0, 0x0, 0x0, 0x0, 0x1f,
    0x90, 0x0, 0x1, 0x22, 0x22, 0x10, 0xfb, 0x0,
    0x0, 0x9f, 0xff, 0xfa, 0xd, 0xe0, 0x0, 0x2,
    0x55, 0x5e, 0xa0, 0x7f, 0x50, 0x0, 0x0, 0x0,
    0xea, 0x0, 0xee, 0x30, 0x0, 0x0, 0x4f, 0xa0,
    0x2, 0xef, 0xa7, 0x68, 0xcf, 0xc1, 0x0, 0x1,
    0x7c, 0xef, 0xea, 0x50, 0x0,

    /* U+0048 "H" */
    0x8f, 0x20, 0x0, 0x0, 0x2f, 0x88, 0xf2, 0x0,
    0x0, 0x2, 0xf8, 0x8f, 0x20, 0x0, 0x0, 0x2f,
    0x88, 0xf2, 0x0, 0x0, 0x2, 0xf8, 0x8f, 0x20,
    0x0, 0x0, 0x2f, 0x88, 0xf4, 0x22, 0x22, 0x23,
    0xf8, 0x8f, 0xff, 0xff, 0xff, 0xff, 0x88, 0xf6,
    0x55, 0x55, 0x56, 0xf8, 0x8f, 0x20, 0x0, 0x0,
    0x2f, 0x88, 0xf2, 0x0, 0x0, 0x2, 0xf8, 0x8f,
    0x20, 0x0, 0x0, 0x2f, 0x88, 0xf2, 0x0, 0x0,
    0x2, 0xf8, 0x8f, 0x20, 0x0, 0x0, 0x2f, 0x80,

    /* U+0049 "I" */
    0x5f, 0x55, 0xf5, 0x5f, 0x55, 0xf5, 0x5f, 0x55,
    0xf5, 0x5f, 0x55, 0xf5, 0x5f, 0x55, 0xf5, 0x5f,
    0x55, 0xf5, 0x5f, 0x50,

    /* U+004A "J" */
    0x0, 0x6, 0xff, 0xfa, 0x0, 0x2, 0x66, 0xfa,
    0x0, 0x0, 0x0, 0xfa, 0x0, 0x0, 0x0, 0xfa,
    0x0, 0x0, 0x0, 0xfa, 0x0, 0x0, 0x0, 0xfa,
    0x0, 0x0, 0x0, 0xfa, 0x0, 0x0, 0x0, 0xfa,
    0x0, 0x0, 0x0, 0xfa, 0x48, 0x0, 0x0, 0xf9,
    0x7f, 0x50, 0x5, 0xf6, 0x1e, 0xf8, 0x8e, 0xe0,
    0x2, 0xbe, 0xfb, 0x20,

    /* U+004B "K" */
    0x8f, 0x20, 0x0, 0x5, 0xf9, 0x8, 0xf2, 0x0,
    0x4, 0xfa, 0x0, 0x8f, 0x20, 0x3, 0xfb, 0x0,
    0x8, 0xf2, 0x2, 0xec, 0x0, 0x0, 0x8f, 0x21,
    0xed, 0x10, 0x0, 0x8, 0xf3, 0xdf, 0x10, 0x0,
    0x0, 0x8f, 0xee, 0xf8, 0x0, 0x0, 0x8, 0xfb,
    0x19, 0xf5, 0x0, 0x0, 0x8f, 0x20, 0xc, 0xf2,
    0x0, 0x8, 0xf2, 0x0, 0x1e, 0xe1, 0x0, 0x8f,
    0x20, 0x0, 0x4f, 0xc0, 0x8, 0xf2, 0x0, 0x0,
    0x7f, 0x90, 0x8f, 0x20, 0x0, 0x0, 0xaf, 0x60,

    /* U+004C "L" */
    0x8f, 0x20, 0x0, 0x0, 0x8, 0xf2, 0x0, 0x0,
    0x0, 0x8f, 0x20, 0x0, 0x0, 0x8, 0xf2, 0x0,
    0x0, 0x0, 0x8f, 0x20, 0x0, 0x0, 0x8, 0xf2,
    0x0, 0x0, 0x0, 0x8f, 0x20, 0x0, 0x0, 0x8,
    0xf2, 0x0, 0x0, 0x0, 0x8f, 0x20, 0x0, 0x0,
    0x8, 0xf2, 0x0, 0x0, 0x0, 0x8f, 0x20, 0x0,
    0x0, 0x8, 0xf8, 0x66, 0x66, 0x62, 0x8f, 0xff,
    0xff, 0xff, 0x60,

    /* U+004D "M" */
    0x8f, 0xd0, 0x0, 0x0, 0x0, 0xdf, 0x88, 0xff,
    0x30, 0x0, 0x0, 0x2f, 0xf8, 0x8e, 0xd9, 0x0,
    0x0, 0x8, 0xdf, 0x88, 0xf8, 0xe0, 0x0, 0x0,
    0xe8, 0xf8, 0x8f, 0x2f, 0x50, 0x0, 0x4f, 0x2f,
    0x88, 0xf0, 0xdb, 0x0, 0x9, 0xd0, 0xf8, 0x8f,
    0x7, 0xf1, 0x0, 0xf7, 0xf, 0x88, 0xf0, 0x1f,
    0x60, 0x5f, 0x10, 0xf8, 0x8f, 0x0, 0xbc, 0xb,
    0xb0, 0xf, 0x88, 0xf0, 0x5, 0xf2, 0xf6, 0x0,
    0xf8, 0x8f, 0x0, 0xf, 0xbf, 0x0, 0xf, 0x88,
    0xf0, 0x0, 0x9f, 0xa0, 0x0, 0xf8, 0x8f, 0x0,
    0x3, 0xf4, 0x0, 0xf, 0x80,

    /* U+004E "N" */
    0x8f, 0xb0, 0x0, 0x0, 0xf, 0x88, 0xff, 0x50,
    0x0, 0x0, 0xf8, 0x8e, 0xce, 0x0, 0x0, 0xf,
    0x88, 0xf2, 0xf8, 0x0, 0x0, 0xf8, 0x8f, 0x9,
    0xf2, 0x0, 0xf, 0x88, 0xf0, 0xe, 0xb0, 0x0,
    0xf8, 0x8f, 0x0, 0x5f, 0x50, 0xf, 0x88, 0xf0,
    0x0, 0xce, 0x0, 0xf8, 0x8f, 0x0, 0x3, 0xf8,
    0xf, 0x88, 0xf0, 0x0, 0x9, 0xf2, 0xf8, 0x8f,
    0x0, 0x0, 0x1e, 0xbe, 0x88, 0xf0, 0x0, 0x0,
    0x6f, 0xf8, 0x8f, 0x0, 0x0, 0x0, 0xcf, 0x80,

    /* U+004F "O" */
    0x0, 0x1, 0x8d, 0xff, 0xd8, 0x10, 0x0, 0x0,
    0x4e, 0xfa, 0x77, 0xaf, 0xe4, 0x0, 0x1, 0xfd,
    0x20, 0x0, 0x2, 0xef, 0x10, 0x9, 0xf3, 0x0,
    0x0, 0x0, 0x4f, 0x90, 0xe, 0xd0, 0x0, 0x0,
    0x0, 0xd, 0xe0, 0xf, 0xa0, 0x0, 0x0, 0x0,
    0xa, 0xf0, 0x1f, 0x90, 0x0, 0x0, 0x0, 0x9,
    0xf1, 0xf, 0xa0, 0x0, 0x0, 0x0, 0xa, 0xf0,
    0xe, 0xd0, 0x0, 0x0, 0x0, 0xd, 0xe0, 0x8,
    0xf4, 0x0, 0x0, 0x0, 0x4f, 0x80, 0x1, 0xee,
    0x20, 0x0, 0x2, 0xee, 0x10, 0x0, 0x3e, 0xfa,
    0x77, 0xaf, 0xe3, 0x0, 0x0, 0x1, 0x8d, 0xff,
    0xd8, 0x10, 0x0,

    /* U+0050 "P" */
    0x8f, 0xff, 0xff, 0xeb, 0x30, 0x8, 0xf7, 0x66,
    0x68, 0xef, 0x40, 0x8f, 0x20, 0x0, 0x1, 0xfc,
    0x8, 0xf2, 0x0, 0x0, 0xb, 0xf0, 0x8f, 0x20,
    0x0, 0x0, 0xaf, 0x8, 0xf2, 0x0, 0x0, 0xe,
    0xd0, 0x8f, 0x31, 0x11, 0x3b, 0xf6, 0x8, 0xff,
    0xff, 0xff, 0xf7, 0x0, 0x8f, 0x64, 0x44, 0x30,
    0x0, 0x8, 0xf2, 0x0, 0x0, 0x0, 0x0, 0x8f,
    0x20, 0x0, 0x0, 0x0, 0x8, 0xf2, 0x0, 0x0,
    0x0, 0x0, 0x8f, 0x20, 0x0, 0x0, 0x0, 0x0,

    /* U+0051 "Q" */
    0x0, 0x1, 0x8d, 0xff, 0xd8, 0x10, 0x0, 0x0,
    0x4e, 0xfa, 0x77, 0xaf, 0xe4, 0x0, 0x1, 0xed,
    0x20, 0x0, 0x2, 0xef, 0x10, 0x9, 0xf3, 0x0,
    0x0, 0x0, 0x4f, 0x90, 0xe, 0xd0, 0x0, 0x0,
    0x0, 0xd, 0xe0, 0xf, 0xa0, 0x0, 0x0, 0x0,
    0xa, 0xf0, 0x1f, 0x90, 0x0, 0x0, 0x0, 0x9,
    0xf1, 0xf, 0xa0, 0x0, 0x0, 0x0, 0xa, 0xf0,
    0xe, 0xd0, 0x0, 0x0, 0x0, 0xd, 0xe0, 0x9,
    0xf4, 0x0, 0x0, 0x0, 0x3f, 0x90, 0x2, 0xfd,
    0x20, 0x0, 0x1, 0xdf, 0x10, 0x0, 0x5f, 0xf9,
    0x55, 0x8e, 0xf4, 0x0, 0x0, 0x3, 0xae, 0xff,
    0xd9, 0x10, 0x0, 0x0, 0x0, 0x0, 0x6f, 0x50,
    0x0, 0x0, 0x0, 0x0, 0x0, 0x1f, 0xb0, 0x0,
    0x0, 0x0, 0x0, 0x0, 0x9, 0xfa, 0x53, 0x0,
    0x0, 0x0, 0x0, 0x0, 0x8e, 0xf7, 0x0,

    /* U+0052 "R" */
    0x8f, 0xff, 0xff, 0xfd, 0x91, 0x0, 0x8f, 0x76,
    0x66, 0x69, 0xfe, 0x10, 0x8f, 0x20, 0x0, 0x0,
    0x5f, 0x80, 0x8f, 0x20, 0x0, 0x0, 0x1f, 0xa0,
    0x8f, 0x20, 0x0, 0x0, 0x3f, 0x80, 0x8f, 0x31,
    0x11, 0x15, 0xdf, 0x10, 0x8f, 0xff, 0xff, 0xff,
    0xc3, 0x0, 0x8f, 0x64, 0x44, 0xde, 0x0, 0x0,
    0x8f, 0x20, 0x0, 0x4f, 0x80, 0x0, 0x8f, 0x20,
    0x0, 0xb, 0xf2, 0x0, 0x8f, 0x20, 0x0, 0x2,
    0xfb, 0x0, 0x8f, 0x20, 0x0, 0x0, 0x9f, 0x40,
    0x8f, 0x20, 0x0, 0x0, 0x1f, 0xd0,

    /* U+0053 "S" */
    0x0, 0x19, 0xdf, 0xfd, 0xa3, 0x0, 0x1, 0xee,
    0x85, 0x58, 0xef, 0x30, 0x7, 0xf4, 0x0, 0x0,
    0x2f, 0xa0, 0x9, 0xf1, 0x0, 0x0, 0x1, 0x0,
    0x5, 0xfa, 0x0, 0x0, 0x0, 0x0, 0x0, 0xbf,
    0xfa, 0x73, 0x0, 0x0, 0x0, 0x4, 0xae, 0xff,
    0xd7, 0x0, 0x0, 0x0, 0x0, 0x26, 0xdf, 0x90,
    0x0, 0x0, 0x0, 0x0, 0xc, 0xf0, 0x5, 0x40,
    0x0, 0x0, 0x8, 0xf2, 0xd, 0xe1, 0x0, 0x0,
    0xd, 0xf0, 0x4, 0xfe, 0x96, 0x68, 0xdf, 0x60,
    0x0, 0x29, 0xdf, 0xfe, 0xa3, 0x0,

    /* U+0054 "T" */
    0x9f, 0xff, 0xff, 0xff, 0xff, 0x93, 0x66, 0x69,
    0xf9, 0x66, 0x63, 0x0, 0x0, 0x5f, 0x50, 0x0,
    0x0, 0x0, 0x5, 0xf5, 0x0, 0x0, 0x0, 0x0,
    0x5f, 0x50, 0x0, 0x0, 0x0, 0x5, 0xf5, 0x0,
    0x0, 0x0, 0x0, 0x5f, 0x50, 0x0, 0x0, 0x0,
    0x5, 0xf5, 0x0, 0x0, 0x0, 0x0, 0x5f, 0x50,
    0x0, 0x0, 0x0, 0x5, 0xf5, 0x0, 0x0, 0x0,
    0x0, 0x5f, 0x50, 0x0, 0x0, 0x0, 0x5, 0xf5,
    0x0, 0x0, 0x0, 0x0, 0x5f, 0x50, 0x0, 0x0,

    /* U+0055 "U" */
    0x9f, 0x10, 0x0, 0x0, 0x1f, 0x99, 0xf1, 0x0,
    0x0, 0x1, 0xf9, 0x9f, 0x10, 0x0, 0x0, 0x1f,
    0x99, 0xf1, 0x0, 0x0, 0x1, 0xf9, 0x9f, 0x10,
    0x0, 0x0, 0x1f, 0x99, 0xf1, 0x0, 0x0, 0x1,
    0xf9, 0x9f, 0x10, 0x0, 0x0, 0x1f, 0x99, 0xf1,
    0x0, 0x0, 0x1, 0xf9, 0x9f, 0x20, 0x0, 0x0,
    0x2f, 0x86, 0xf4, 0x0, 0x0, 0x5, 0xf6, 0x1f,
    0xc0, 0x0, 0x1, 0xdf, 0x10, 0x6f, 0xe8, 0x79,
    0xef, 0x50, 0x0, 0x3a, 0xef, 0xea, 0x20, 0x0,

    /* U+0056 "V" */
    0xbf, 0x10, 0x0, 0x0, 0x1, 0xfb, 0x5f, 0x60,
    0x0, 0x0, 0x6, 0xf5, 0xe, 0xc0, 0x0, 0x0,
    0xc, 0xe0, 0x8, 0xf2, 0x0, 0x0, 0x2f, 0x80,
    0x2, 0xf8, 0x0, 0x0, 0x8f, 0x20, 0x0, 0xce,
    0x0, 0x0, 0xec, 0x0, 0x0, 0x6f, 0x40, 0x4,
    0xf6, 0x0, 0x0, 0xf, 0xa0, 0xa, 0xf0, 0x0,
    0x0, 0x9, 0xf1, 0xf, 0x90, 0x0, 0x0, 0x3,
    0xf6, 0x5f, 0x30, 0x0, 0x0, 0x0, 0xdb, 0xbd,
    0x0, 0x0, 0x0, 0x0, 0x7f, 0xf7, 0x0, 0x0,
    0x0, 0x0, 0x1f, 0xf1, 0x0, 0x0,

    /* U+0057 "W" */
    0xcf, 0x0, 0x0, 0x6, 0xf7, 0x0, 0x0, 0xf,
    0xc8, 0xf3, 0x0, 0x0, 0xbf, 0xb0, 0x0, 0x3,
    0xf8, 0x3f, 0x70, 0x0, 0xf, 0xcf, 0x0, 0x0,
    0x7f, 0x30, 0xec, 0x0, 0x3, 0xf5, 0xf3, 0x0,
    0xb, 0xe0, 0xa, 0xf0, 0x0, 0x7f, 0xe, 0x80,
    0x0, 0xfa, 0x0, 0x6f, 0x40, 0xc, 0xb0, 0xac,
    0x0, 0x4f, 0x60, 0x1, 0xf9, 0x0, 0xf7, 0x6,
    0xf0, 0x8, 0xf1, 0x0, 0xd, 0xd0, 0x4f, 0x20,
    0x2f, 0x40, 0xcd, 0x0, 0x0, 0x8f, 0x18, 0xe0,
    0x0, 0xe9, 0x1f, 0x80, 0x0, 0x4, 0xf5, 0xca,
    0x0, 0xa, 0xc4, 0xf4, 0x0, 0x0, 0xf, 0x9f,
    0x60, 0x0, 0x5f, 0x9f, 0x0, 0x0, 0x0, 0xbf,
    0xf2, 0x0, 0x1, 0xff, 0xb0, 0x0, 0x0, 0x6,
    0xfd, 0x0, 0x0, 0xd, 0xf6, 0x0, 0x0,

    /* U+0058 "X" */
    0xd, 0xe1, 0x0, 0x0, 0xe, 0xd0, 0x3, 0xfa,
    0x0, 0x0, 0x9f, 0x30, 0x0, 0x8f, 0x40, 0x3,
    0xf8, 0x0, 0x0, 0xc, 0xe1, 0xd, 0xd0, 0x0,
    0x0, 0x2, 0xfa, 0x8f, 0x30, 0x0, 0x0, 0x0,
    0x6f, 0xf8, 0x0, 0x0, 0x0, 0x0, 0x2f, 0xf4,
    0x0, 0x0, 0x0, 0x0, 0xce, 0xdd, 0x0, 0x0,
    0x0, 0x7, 0xf5, 0x3f, 0x90, 0x0, 0x0, 0x2f,
    0xa0, 0x8, 0xf4, 0x0, 0x0, 0xde, 0x10, 0x0,
    0xde, 0x0, 0x8, 0xf4, 0x0, 0x0, 0x3f, 0x90,
    0x4f, 0x90, 0x0, 0x0, 0x8, 0xf4,

    /* U+0059 "Y" */
    0x4f, 0x80, 0x0, 0x0, 0x8, 0xf4, 0xa, 0xf2,
    0x0, 0x0, 0x2f, 0xa0, 0x1, 0xfc, 0x0, 0x0,
    0xbf, 0x10, 0x0, 0x6f, 0x50, 0x5, 0xf6, 0x0,
    0x0, 0xc, 0xe1, 0xe, 0xc0, 0x0, 0x0, 0x2,
    0xf9, 0x9f, 0x20, 0x0, 0x0, 0x0, 0x8f, 0xf8,
    0x0, 0x0, 0x0, 0x0, 0xe, 0xe0, 0x0, 0x0,
    0x0, 0x0, 0xd, 0xd0, 0x0, 0x0, 0x0, 0x0,
    0xd, 0xd0, 0x0, 0x0, 0x0, 0x0, 0xd, 0xd0,
    0x0, 0x0, 0x0, 0x0, 0xd, 0xd0, 0x0, 0x0,
    0x0, 0x0, 0xd, 0xd0, 0x0, 0x0,

    /* U+005A "Z" */
    0xc, 0xff, 0xff, 0xff, 0xff, 0x0, 0x56, 0x66,
    0x66, 0x7f, 0xc0, 0x0, 0x0, 0x0, 0xb, 0xf2,
    0x0, 0x0, 0x0, 0x6, 0xf5, 0x0, 0x0, 0x0,
    0x2, 0xfa, 0x0, 0x0, 0x0, 0x0, 0xdd, 0x0,
    0x0, 0x0, 0x0, 0x9f, 0x30, 0x0, 0x0, 0x0,
    0x5f, 0x70, 0x0, 0x0, 0x0, 0x2f, 0xb0, 0x0,
    0x0, 0x0, 0xc, 0xe1, 0x0, 0x0, 0x0, 0x8,
    0xf4, 0x0, 0x0, 0x0, 0x3, 0xfd, 0x66, 0x66,
    0x66, 0x62, 0x6f, 0xff, 0xff, 0xff, 0xff, 0x70,

    /* U+005B "[" */
    0xbf, 0xfd, 0xbd, 0x22, 0xbd, 0x0, 0xbd, 0x0,
    0xbd, 0x0, 0xbd, 0x0, 0xbd, 0x0, 0xbd, 0x0,
    0xbd, 0x0, 0xbd, 0x0, 0xbd, 0x0, 0xbd, 0x0,
    0xbd, 0x0, 0xbd, 0x0, 0xbd, 0x0, 0xbd, 0x22,
    0xbf, 0xfd,

    /* U+005C "\\" */
    0xd8, 0x0, 0x9, 0xc0, 0x0, 0x5f, 0x10, 0x0,
    0xf5, 0x0, 0xc, 0xa0, 0x0, 0x7e, 0x0, 0x3,
    0xf3, 0x0, 0xe, 0x70, 0x0, 0xab, 0x0, 0x6,
    0xf0, 0x0, 0x1f, 0x40, 0x0, 0xd9, 0x0, 0x8,
    0xd0,

    /* U+005D "]" */
    0xdf, 0xfb, 0x22, 0xdb, 0x0, 0xdb, 0x0, 0xdb,
    0x0, 0xdb, 0x0, 0xdb, 0x0, 0xdb, 0x0, 0xdb,
    0x0, 0xdb, 0x0, 0xdb, 0x0, 0xdb, 0x0, 0xdb,
    0x0, 0xdb, 0x0, 0xdb, 0x0, 0xdb, 0x22, 0xdb,
    0xdf, 0xfb,

    /* U+005E "^" */
    0x0, 0x6, 0x81, 0x0, 0x0, 0x2, 0xfd, 0x90,
    0x0, 0x0, 0xaa, 0x4f, 0x20, 0x0, 0x2f, 0x30,
    0xc9, 0x0, 0xa, 0xb0, 0x4, 0xf2, 0x2, 0xf3,
    0x0, 0xc, 0x90, 0xac, 0x0, 0x0, 0x5f, 0x20,

    /* U+005F "_" */
    0x4f, 0xff, 0xff, 0xff, 0xff, 0xf3, 0x2, 0x22,
    0x22, 0x22, 0x22, 0x20,

    /* U+0060 "`" */
    0xc, 0xf2, 0x0, 0xb, 0xc0, 0x0, 0xa, 0x70,

    /* U+0061 "a" */
    0x0, 0x5c, 0xfe, 0xc4, 0x0, 0x0, 0x5f, 0xa4,
    0x5c, 0xf2, 0x0, 0x7, 0xb0, 0x0, 0x2f, 0x70,
    0x0, 0x0, 0x0, 0x0, 0xf9, 0x0, 0x1, 0x9d,
    0xff, 0xff, 0x90, 0x0, 0xcf, 0x73, 0x22, 0xf9,
    0x0, 0x1f, 0x80, 0x0, 0x1f, 0x90, 0x2, 0xf7,
    0x0, 0x8, 0xf9, 0x0, 0xe, 0xd4, 0x49, 0xad,
    0xd3, 0x0, 0x3c, 0xfe, 0x80, 0x6f, 0xd0,

    /* U+0062 "b" */
    0xcc, 0x0, 0x0, 0x0, 0xc, 0xc0, 0x0, 0x0,
    0x0, 0xcc, 0x0, 0x0, 0x0, 0xc, 0xc3, 0xcf,
    0xe8, 0x0, 0xcd, 0xe7, 0x5a, 0xf8, 0xc, 0xf4,
    0x0, 0xc, 0xe0, 0xce, 0x0, 0x0, 0x8f, 0x2c,
    0xd0, 0x0, 0x6, 0xf3, 0xcd, 0x0, 0x0, 0x6f,
    0x3c, 0xe0, 0x0, 0x8, 0xf2, 0xcf, 0x30, 0x0,
    0xce, 0xc, 0xdd, 0x64, 0x9f, 0x70, 0xcb, 0x3c,
    0xfe, 0x80, 0x0,

    /* U+0063 "c" */
    0x0, 0x4c, 0xfe, 0xa1, 0x0, 0x5f, 0xb5, 0x6e,
    0xd0, 0xd, 0xc0, 0x0, 0x5f, 0x41, 0xf8, 0x0,
    0x0, 0x0, 0x3f, 0x70, 0x0, 0x0, 0x3, 0xf7,
    0x0, 0x0, 0x0, 0x1f, 0x90, 0x0, 0x1, 0x0,
    0xde, 0x0, 0x4, 0xf5, 0x5, 0xfc, 0x56, 0xed,
    0x0, 0x5, 0xcf, 0xea, 0x10,

    /* U+0064 "d" */
    0x0, 0x0, 0x0, 0xc, 0xc0, 0x0, 0x0, 0x0,
    0xcc, 0x0, 0x0, 0x0, 0xc, 0xc0, 0x8, 0xef,
    0xc3, 0xcc, 0x7, 0xf9, 0x46, 0xde, 0xc0, 0xec,
    0x0, 0x3, 0xfc, 0x2f, 0x80, 0x0, 0xe, 0xc3,
    0xf7, 0x0, 0x0, 0xcc, 0x3f, 0x70, 0x0, 0xc,
    0xc2, 0xf8, 0x0, 0x0, 0xec, 0xe, 0xc0, 0x0,
    0x4f, 0xc0, 0x8f, 0xa5, 0x7e, 0xdc, 0x0, 0x8e,
    0xfc, 0x3b, 0xd0,

    /* U+0065 "e" */
    0x0, 0x4c, 0xff, 0xc4, 0x0, 0x4, 0xfb, 0x44,
    0xaf, 0x50, 0xd, 0xd0, 0x0, 0xd, 0xd0, 0x1f,
    0x80, 0x0, 0x8, 0xf1, 0x3f, 0xff, 0xff, 0xff,
    0xf3, 0x3f, 0x93, 0x33, 0x33, 0x30, 0x1f, 0x90,
    0x0, 0x0, 0x0, 0xd, 0xe0, 0x0, 0x7, 0x60,
    0x4, 0xfc, 0x54, 0x9f, 0x70, 0x0, 0x4c, 0xff,
    0xc6, 0x0,

    /* U+0066 "f" */
    0x0, 0xaf, 0xf0, 0x5, 0xf9, 0x40, 0x6, 0xf2,
    0x0, 0xcf, 0xff, 0xf0, 0x28, 0xf5, 0x30, 0x6,
    0xf2, 0x0, 0x6, 0xf2, 0x0, 0x6, 0xf2, 0x0,
    0x6, 0xf2, 0x0, 0x6, 0xf2, 0x0, 0x6, 0xf2,
    0x0, 0x6, 0xf2, 0x0, 0x6, 0xf2, 0x0,

    /* U+0067 "g" */
    0x0, 0x8e, 0xfc, 0x3b, 0xd0, 0x8f, 0xa4, 0x6e,
    0xdc, 0xe, 0xc0, 0x0, 0x6f, 0xc2, 0xf8, 0x0,
    0x0, 0xfc, 0x3f, 0x60, 0x0, 0xd, 0xc3, 0xf6,
    0x0, 0x0, 0xdc, 0x2f, 0x70, 0x0, 0xf, 0xc0,
    0xfb, 0x0, 0x6, 0xfc, 0x9, 0xf9, 0x47, 0xdd,
    0xc0, 0x9, 0xef, 0xb2, 0xcc, 0x0, 0x0, 0x0,
    0xd, 0xb0, 0x7a, 0x0, 0x2, 0xf8, 0x5, 0xfa,
    0x45, 0xdf, 0x20, 0x6, 0xdf, 0xfb, 0x30,

    /* U+0068 "h" */
    0xcd, 0x0, 0x0, 0x0, 0xcd, 0x0, 0x0, 0x0,
    0xcd, 0x0, 0x0, 0x0, 0xcd, 0x2b, 0xfe, 0x90,
    0xcd, 0xd7, 0x5a, 0xf7, 0xcf, 0x40, 0x0, 0xeb,
    0xce, 0x0, 0x0, 0xcd, 0xcd, 0x0, 0x0, 0xcd,
    0xcd, 0x0, 0x0, 0xcd, 0xcd, 0x0, 0x0, 0xcd,
    0xcd, 0x0, 0x0, 0xcd, 0xcd, 0x0, 0x0, 0xcd,
    0xcd, 0x0, 0x0, 0xcd,

    /* U+0069 "i" */
    0xcc, 0x77, 0x0, 0xcc, 0xcc, 0xcc, 0xcc, 0xcc,
    0xcc, 0xcc, 0xcc, 0xcc, 0xcc,

    /* U+006A "j" */
    0x0, 0xcc, 0x0, 0x77, 0x0, 0x0, 0x0, 0xcc,
    0x0, 0xcc, 0x0, 0xcc, 0x0, 0xcc, 0x0, 0xcc,
    0x0, 0xcc, 0x0, 0xcc, 0x0, 0xcc, 0x0, 0xcc,
    0x0, 0xcc, 0x0, 0xcc, 0x0, 0xdc, 0x26, 0xf9,
    0x6f, 0xc2,

    /* U+006B "k" */
    0xcc, 0x0, 0x0, 0x0, 0xc, 0xc0, 0x0, 0x0,
    0x0, 0xcc, 0x0, 0x0, 0x0, 0xc, 0xc0, 0x0,
    0x7f, 0x60, 0xcc, 0x0, 0x5f, 0x70, 0xc, 0xc0,
    0x3f, 0x90, 0x0, 0xcc, 0x2e, 0xa0, 0x0, 0xc,
    0xdd, 0xf2, 0x0, 0x0, 0xcf, 0xce, 0xc0, 0x0,
    0xc, 0xd0, 0x4f, 0x80, 0x0, 0xcc, 0x0, 0x9f,
    0x40, 0xc, 0xc0, 0x0, 0xde, 0x10, 0xcc, 0x0,
    0x3, 0xfa, 0x0,

    /* U+006C "l" */
    0xcc, 0xcc, 0xcc, 0xcc, 0xcc, 0xcc, 0xcc, 0xcc,
    0xcc, 0xcc, 0xcc, 0xcc, 0xcc,

    /* U+006D "m" */
    0xcb, 0x4d, 0xfd, 0x50, 0x9e, 0xea, 0xc, 0xdb,
    0x32, 0xcf, 0xb6, 0x26, 0xf8, 0xcf, 0x20, 0x5,
    0xf9, 0x0, 0xd, 0xbc, 0xe0, 0x0, 0x4f, 0x60,
    0x0, 0xcc, 0xcd, 0x0, 0x4, 0xf5, 0x0, 0xc,
    0xdc, 0xd0, 0x0, 0x4f, 0x50, 0x0, 0xcd, 0xcd,
    0x0, 0x4, 0xf5, 0x0, 0xc, 0xdc, 0xd0, 0x0,
    0x4f, 0x50, 0x0, 0xcd, 0xcd, 0x0, 0x4, 0xf5,
    0x0, 0xc, 0xdc, 0xd0, 0x0, 0x4f, 0x50, 0x0,
    0xcd,

    /* U+006E "n" */
    0xcb, 0x3c, 0xfe, 0x90, 0xcd, 0xc4, 0x27, 0xf7,
    0xcf, 0x30, 0x0, 0xeb, 0xce, 0x0, 0x0, 0xcd,
    0xcd, 0x0, 0x0, 0xcd, 0xcd, 0x0, 0x0, 0xcd,
    0xcd, 0x0, 0x0, 0xcd, 0xcd, 0x0, 0x0, 0xcd,
    0xcd, 0x0, 0x0, 0xcd, 0xcd, 0x0, 0x0, 0xcd,

    /* U+006F "o" */
    0x0, 0x5c, 0xff, 0xc5, 0x0, 0x5, 0xfb, 0x44,
    0xaf, 0x60, 0xd, 0xd0, 0x0, 0xd, 0xe0, 0x1f,
    0x80, 0x0, 0x8, 0xf1, 0x3f, 0x70, 0x0, 0x6,
    0xf3, 0x3f, 0x70, 0x0, 0x6, 0xf3, 0x1f, 0x90,
    0x0, 0x8, 0xf1, 0xd, 0xe0, 0x0, 0xd, 0xd0,
    0x5, 0xfb, 0x45, 0xbf, 0x50, 0x0, 0x4c, 0xff,
    0xc4, 0x0,

    /* U+0070 "p" */
    0xcb, 0x4d, 0xfe, 0x80, 0xc, 0xed, 0x42, 0x7f,
    0x80, 0xcf, 0x30, 0x0, 0xbe, 0xc, 0xe0, 0x0,
    0x7, 0xf2, 0xcd, 0x0, 0x0, 0x6f, 0x3c, 0xd0,
    0x0, 0x6, 0xf3, 0xce, 0x0, 0x0, 0x8f, 0x2c,
    0xf3, 0x0, 0xc, 0xe0, 0xce, 0xd6, 0x4a, 0xf7,
    0xc, 0xc3, 0xcf, 0xe8, 0x0, 0xcc, 0x0, 0x0,
    0x0, 0xc, 0xc0, 0x0, 0x0, 0x0, 0xcc, 0x0,
    0x0, 0x0, 0xc, 0xc0, 0x0, 0x0, 0x0,

    /* U+0071 "q" */
    0x0, 0x8e, 0xfc, 0x4b, 0xd0, 0x7f, 0x94, 0x6d,
    0xdc, 0xe, 0xc0, 0x0, 0x3f, 0xc2, 0xf8, 0x0,
    0x0, 0xec, 0x3f, 0x70, 0x0, 0xd, 0xc3, 0xf7,
    0x0, 0x0, 0xdc, 0x2f, 0x80, 0x0, 0xf, 0xc0,
    0xec, 0x0, 0x4, 0xfc, 0x8, 0xfa, 0x57, 0xed,
    0xc0, 0x8, 0xef, 0xc3, 0xcc, 0x0, 0x0, 0x0,
    0xc, 0xc0, 0x0, 0x0, 0x0, 0xcc, 0x0, 0x0,
    0x0, 0xc, 0xc0, 0x0, 0x0, 0x0, 0xcc,

    /* U+0072 "r" */
    0x0, 0x0, 0xc, 0xb5, 0xeb, 0xcc, 0xd6, 0x4c,
    0xf3, 0x0, 0xcf, 0x0, 0xc, 0xd0, 0x0, 0xcd,
    0x0, 0xc, 0xd0, 0x0, 0xcd, 0x0, 0xc, 0xd0,
    0x0, 0xcd, 0x0, 0x0,

    /* U+0073 "s" */
    0x1, 0xae, 0xfe, 0xa1, 0x0, 0xce, 0x64, 0x6d,
    0xd0, 0x1f, 0x70, 0x0, 0x37, 0x0, 0xed, 0x30,
    0x0, 0x0, 0x3, 0xef, 0xea, 0x40, 0x0, 0x0,
    0x48, 0xdf, 0xa0, 0x0, 0x0, 0x0, 0x8f, 0x33,
    0xa1, 0x0, 0x4, 0xf4, 0x1f, 0xc6, 0x45, 0xde,
    0x0, 0x3a, 0xef, 0xea, 0x20,

    /* U+0074 "t" */
    0x3, 0xf0, 0x0, 0x7f, 0x0, 0xbf, 0xff, 0xb2,
    0xbf, 0x32, 0xa, 0xf0, 0x0, 0xaf, 0x0, 0xa,
    0xf0, 0x0, 0xaf, 0x0, 0xa, 0xf0, 0x0, 0x9f,
    0x0, 0x8, 0xf7, 0x40, 0x2d, 0xfb,

    /* U+0075 "u" */
    0xdc, 0x0, 0x0, 0xdc, 0xdc, 0x0, 0x0, 0xdc,
    0xdc, 0x0, 0x0, 0xdc, 0xdc, 0x0, 0x0, 0xdc,
    0xdc, 0x0, 0x0, 0xdc, 0xdc, 0x0, 0x0, 0xdc,
    0xdc, 0x0, 0x0, 0xec, 0xce, 0x0, 0x4, 0xfc,
    0x8f, 0x94, 0x7d, 0xdc, 0x9, 0xef, 0xc2, 0xbc,

    /* U+0076 "v" */
    0xce, 0x0, 0x0, 0xe, 0xc6, 0xf3, 0x0, 0x3,
    0xf6, 0x1f, 0x80, 0x0, 0x9f, 0x10, 0xbd, 0x0,
    0xe, 0xb0, 0x6, 0xf3, 0x3, 0xf5, 0x0, 0x1f,
    0x80, 0x9f, 0x0, 0x0, 0xbd, 0xe, 0xa0, 0x0,
    0x5, 0xf5, 0xf4, 0x0, 0x0, 0xf, 0xde, 0x0,
    0x0, 0x0, 0xaf, 0x90, 0x0,

    /* U+0077 "w" */
    0xe, 0xa0, 0x0, 0x7f, 0x70, 0x0, 0xae, 0x0,
    0xae, 0x0, 0xb, 0xeb, 0x0, 0xd, 0xa0, 0x5,
    0xf1, 0x0, 0xf8, 0xf0, 0x1, 0xf5, 0x0, 0x1f,
    0x50, 0x3f, 0x1f, 0x30, 0x5f, 0x10, 0x0, 0xd9,
    0x7, 0xc0, 0xc7, 0x9, 0xd0, 0x0, 0x9, 0xd0,
    0xb9, 0x9, 0xa0, 0xd8, 0x0, 0x0, 0x4f, 0x1f,
    0x50, 0x5e, 0x1f, 0x40, 0x0, 0x0, 0xf8, 0xf1,
    0x1, 0xf8, 0xf0, 0x0, 0x0, 0xc, 0xed, 0x0,
    0xd, 0xeb, 0x0, 0x0, 0x0, 0x7f, 0x90, 0x0,
    0xaf, 0x70, 0x0,

    /* U+0078 "x" */
    0x4f, 0x60, 0x0, 0x7f, 0x40, 0xae, 0x10, 0x1f,
    0x90, 0x1, 0xea, 0xa, 0xe0, 0x0, 0x4, 0xf8,
    0xf4, 0x0, 0x0, 0xa, 0xf9, 0x0, 0x0, 0x0,
    0xcf, 0xc0, 0x0, 0x0, 0x7f, 0x5f, 0x70, 0x0,
    0x2f, 0x80, 0x8f, 0x20, 0xc, 0xd0, 0x0, 0xdc,
    0x7, 0xf3, 0x0, 0x4, 0xf7,

    /* U+0079 "y" */
    0xce, 0x0, 0x0, 0xd, 0xc6, 0xf4, 0x0, 0x3,
    0xf6, 0xf, 0xa0, 0x0, 0x8f, 0x10, 0xaf, 0x0,
    0xd, 0xb0, 0x4, 0xf5, 0x2, 0xf5, 0x0, 0xe,
    0xb0, 0x7e, 0x0, 0x0, 0x8f, 0x1d, 0x90, 0x0,
    0x2, 0xf8, 0xf3, 0x0, 0x0, 0xc, 0xfd, 0x0,
    0x0, 0x0, 0x6f, 0x80, 0x0, 0x0, 0x6, 0xf2,
    0x0, 0x0, 0x0, 0xdb, 0x0, 0x0, 0x25, 0xbf,
    0x20, 0x0, 0x6, 0xfd, 0x40, 0x0, 0x0,

    /* U+007A "z" */
    0xf, 0xff, 0xff, 0xfe, 0x0, 0x34, 0x44, 0x6f,
    0xb0, 0x0, 0x0, 0xd, 0xe1, 0x0, 0x0, 0x8,
    0xf5, 0x0, 0x0, 0x4, 0xf9, 0x0, 0x0, 0x1,
    0xed, 0x0, 0x0, 0x0, 0xaf, 0x30, 0x0, 0x0,
    0x6f, 0x70, 0x0, 0x0, 0x1f, 0xe4, 0x44, 0x44,
    0x4, 0xff, 0xff, 0xff, 0xf1,

    /* U+007B "{" */
    0x0, 0x1c, 0xfb, 0x0, 0x9f, 0x51, 0x0, 0xcb,
    0x0, 0x0, 0xda, 0x0, 0x0, 0xda, 0x0, 0x0,
    0xda, 0x0, 0x0, 0xea, 0x0, 0x6, 0xf5, 0x0,
    0xbf, 0x70, 0x0, 0x29, 0xf3, 0x0, 0x0, 0xe9,
    0x0, 0x0, 0xda, 0x0, 0x0, 0xda, 0x0, 0x0,
    0xda, 0x0, 0x0, 0xcb, 0x0, 0x0, 0x9f, 0x51,
    0x0, 0x1c, 0xfb,

    /* U+007C "|" */
    0x6f, 0x16, 0xf1, 0x6f, 0x16, 0xf1, 0x6f, 0x16,
    0xf1, 0x6f, 0x16, 0xf1, 0x6f, 0x16, 0xf1, 0x6f,
    0x16, 0xf1, 0x6f, 0x16, 0xf1, 0x6f, 0x16, 0xf1,
    0x6f, 0x10,

    /* U+007D "}" */
    0xbf, 0xb1, 0x0, 0x15, 0xf9, 0x0, 0x0, 0xbc,
    0x0, 0x0, 0xac, 0x0, 0x0, 0xac, 0x0, 0x0,
    0xac, 0x0, 0x0, 0xad, 0x0, 0x0, 0x5f, 0x60,
    0x0, 0x8, 0xfb, 0x0, 0x4f, 0x92, 0x0, 0x9e,
    0x0, 0x0, 0xac, 0x0, 0x0, 0xac, 0x0, 0x0,
    0xac, 0x0, 0x0, 0xbc, 0x0, 0x15, 0xf9, 0x0,
    0xbf, 0xb1, 0x0,

    /* U+007E "~" */
    0x0, 0x0, 0x0, 0x0, 0x0, 0x1a, 0xff, 0xd8,
    0x31, 0x36, 0x29, 0x44, 0x8d, 0xff, 0xf7, 0x0,
    0x0, 0x0, 0x12, 0x10,

    /* U+E615 "" */
    0x0, 0x0, 0x0, 0x0, 0x0, 0x0, 0x0, 0x0,
    0x0, 0x0, 0x7, 0xea, 0x0, 0xcf, 0xb1, 0x0,
    0x0, 0x0, 0x4, 0xff, 0xfa, 0xbf, 0xff, 0x30,
    0x0, 0x0, 0x0, 0xf, 0xff, 0xff, 0xff, 0xf2,
    0x0, 0x0, 0x5, 0x3b, 0xff, 0xff, 0xff, 0xff,
    0xe8, 0xc1, 0x3, 0xff, 0xff, 0xfe, 0x99, 0xdf,
    0xff, 0xff, 0x80, 0x9f, 0xff, 0xfd, 0x10, 0x0,
    0x9f, 0xff, 0xfc, 0x4, 0xcf, 0xff, 0x30, 0x0,
    0x0, 0xef, 0xfb, 0x10, 0x3, 0xff, 0xf0, 0x0,
    0x0, 0xa, 0xff, 0x80, 0x0, 0x3f, 0xff, 0x10,
    0x0, 0x0, 0xcf, 0xfc, 0x20, 0x5f, 0xff, 0xf8,
    0x0, 0x0, 0x4f, 0xff, 0xfe, 0x5, 0xff, 0xff,
    0xf9, 0x32, 0x6f, 0xff, 0xff, 0xa0, 0xd, 0xee,
    0xff, 0xff, 0xff, 0xff, 0xf9, 0xc3, 0x0, 0x10,
    0x2e, 0xff, 0xff, 0xff, 0xf8, 0x0, 0x0, 0x0,
    0x0, 0xcf, 0xff, 0xff, 0xff, 0x80, 0x0, 0x0,
    0x0, 0xd, 0xff, 0x51, 0x9f, 0xf6, 0x0, 0x0,
    0x0, 0x0, 0x5, 0x80, 0x1, 0x60, 0x0, 0x0,
    0x0,

    /* U+E690 "" */
    0x0, 0x1a, 0xb3, 0x0, 0x0, 0x0, 0x0, 0x0,
    0x11, 0x8f, 0xfe, 0x2, 0x22, 0x22, 0x22, 0x20,
    0xed, 0xaf, 0xff, 0x6f, 0xff, 0xff, 0xff, 0xfc,
    0x77, 0xaf, 0xff, 0x39, 0x99, 0x99, 0x99, 0x95,
    0x0, 0x4f, 0xf9, 0x0, 0x0, 0x0, 0x0, 0x0,
    0x0, 0x1, 0x20, 0x0, 0x0, 0x4b, 0x80, 0x0,
    0x1, 0x11, 0x11, 0x11, 0x11, 0xff, 0xf6, 0x10,
    0xdf, 0xff, 0xff, 0xff, 0xf6, 0xff, 0xf8, 0xfb,
    0x7a, 0xaa, 0xaa, 0xaa, 0xa4, 0xff, 0xf8, 0x96,
    0x0, 0x0, 0x0, 0x0, 0x0, 0xcf, 0xf2, 0x0,
    0x0, 0x0, 0x0, 0x78, 0x10, 0x3, 0x10, 0x0,
    0x0, 0x0, 0x9, 0xff, 0xb0, 0x0, 0x0, 0x0,
    0xcf, 0xff, 0xac, 0xff, 0xe8, 0xff, 0xff, 0xfa,
    0x9c, 0xcc, 0x8c, 0xff, 0xe7, 0xcc, 0xcc, 0xc8,
    0x0, 0x0, 0x7, 0xff, 0x90, 0x0, 0x0, 0x0,
    0x0, 0x0, 0x0, 0x45, 0x0, 0x0, 0x0, 0x0,

    /* U+E7B0 "" */
    0x0, 0x0, 0x0, 0x0, 0x49, 0x50, 0x0, 0x0,
    0x0, 0x0, 0x0, 0x3, 0x56, 0x77, 0x50, 0x0,
    0x40, 0x0, 0x0, 0x0, 0x5, 0x78, 0x77, 0x40,
    0x0, 0x44, 0x0, 0x0, 0x0, 0x99, 0x79, 0x98,
    0xaa, 0x0, 0x43, 0x44, 0x0, 0x24, 0x87, 0x78,
    0x77, 0x88, 0x44, 0x34, 0x41, 0x6, 0x74, 0x62,
    0x37, 0x33, 0x73, 0x25, 0x74, 0x60, 0x0, 0x21,
    0x0, 0x1, 0x0, 0x0, 0x0, 0x30, 0x0, 0x0,
    0x5, 0x33, 0x21, 0x0, 0x0, 0x14, 0x0, 0x0,
    0x0, 0x1, 0x40, 0x0, 0x0, 0x14, 0x30, 0x0,
    0x0, 0x0, 0x0, 0x3, 0x44, 0x43, 0x30, 0x0,
    0x0, 0x0,

    /* U+EAA2 "" */
    0x0, 0x0, 0x0, 0x34, 0x20, 0x0, 0x0, 0x0,
    0x0, 0x8, 0xfe, 0xdf, 0xd4, 0x0, 0x0, 0x0,
    0xb, 0xc3, 0x0, 0x6, 0xf6, 0x0, 0x0, 0x7,
    0xd0, 0x0, 0x0, 0x4, 0xf2, 0x0, 0x0, 0xe4,
    0x0, 0x0, 0x0, 0xa, 0xa0, 0x0, 0x3f, 0x0,
    0x0, 0x0, 0x0, 0x4e, 0x0, 0x4, 0xd0, 0x0,
    0x0, 0x0, 0x2, 0xf0, 0x0, 0x4d, 0x0, 0x0,
    0x0, 0x0, 0x2f, 0x0, 0x4, 0xd0, 0x0, 0x0,
    0x0, 0x2, 0xf0, 0x0, 0x5c, 0x0, 0x0, 0x0,
    0x0, 0x1f, 0x0, 0x7, 0xa0, 0x0, 0x0, 0x0,
    0x0, 0xf2, 0x0, 0xb6, 0x0, 0x0, 0x0, 0x0,
    0xb, 0x60, 0x1f, 0x10, 0x0, 0x0, 0x0, 0x0,
    0x6c, 0x3, 0xfe, 0xee, 0xee, 0xee, 0xee, 0xef,
    0xe0, 0x3, 0x33, 0x3e, 0x63, 0xa9, 0x33, 0x31,
    0x0, 0x0, 0x0, 0x9b, 0x5e, 0x30, 0x0, 0x0,
    0x0, 0x0, 0x0, 0x9c, 0x60, 0x0, 0x0, 0x0,

    /* U+EABE "" */
    0x1, 0x11, 0x11, 0x11, 0x11, 0x11, 0x11, 0x10,
    0xdf, 0xff, 0xff, 0xff, 0xff, 0xff, 0xff, 0xfd,
    0xe3, 0x9, 0x80, 0x0, 0x0, 0x0, 0x0, 0x2e,
    0xe3, 0x9, 0x80, 0x0, 0x0, 0x0, 0x0, 0x2e,
    0xe3, 0xc, 0xea, 0x0, 0x1, 0xbd, 0x80, 0x2e,
    0xe3, 0x8b, 0x3b, 0xec, 0xce, 0xa3, 0xc7, 0x2e,
    0xe3, 0xb6, 0x5, 0xc4, 0x4e, 0x30, 0x6b, 0x2e,
    0xe3, 0x7c, 0x5c, 0x70, 0x9, 0xb5, 0xd7, 0x2e,
    0xe3, 0x8, 0xc8, 0x0, 0x0, 0x9c, 0x80, 0x2e,
    0xe3, 0x0, 0x0, 0x0, 0x0, 0x0, 0x0, 0x2e,
    0xe3, 0x0, 0x0, 0x6, 0xff, 0x90, 0x0, 0x2e,
    0xe3, 0x0, 0x0, 0x1f, 0x22, 0xe4, 0x0, 0x2e,
    0xe3, 0x9, 0xff, 0xff, 0x10, 0xe4, 0x0, 0x2e,
    0xe3, 0x9, 0x92, 0x28, 0xff, 0xb0, 0x0, 0x2e,
    0xe3, 0x9, 0x80, 0x0, 0x23, 0x0, 0x0, 0x2e,
    0xe6, 0x4b, 0xa4, 0x44, 0x44, 0x44, 0x44, 0x6e,
    0xad, 0xdd, 0xdd, 0xdd, 0xdd, 0xdd, 0xdd, 0xda,

    /* U+EAD8 "" */
    0x0, 0x0, 0x0, 0x19, 0xee, 0xa1, 0x0, 0x0,
    0x0, 0x0, 0x0, 0x0, 0xda, 0x32, 0x8e, 0x10,
    0x0, 0x0, 0x1, 0x30, 0x7, 0xb0, 0x0, 0x9,
    0x90, 0x3, 0x10, 0x4, 0xf3, 0xb, 0x60, 0x0,
    0x4, 0xd0, 0x3f, 0x50, 0x0, 0x6e, 0x5d, 0x84,
    0x44, 0x46, 0xf5, 0xe7, 0x0, 0x0, 0xa, 0xed,
    0xdd, 0xdd, 0xdd, 0xdd, 0xb0, 0x0, 0x0, 0xc,
    0x40, 0x0, 0x0, 0x0, 0x2, 0xe0, 0x0, 0x0,
    0xf, 0x0, 0x70, 0x0, 0x6, 0x0, 0xe2, 0x0,
    0x0, 0x2f, 0x0, 0xbb, 0x0, 0xbc, 0x0, 0xc4,
    0x0, 0x12, 0x4f, 0x0, 0xb, 0xcb, 0xb0, 0x0,
    0xc6, 0x22, 0xcf, 0xff, 0x0, 0x3, 0xff, 0x30,
    0x0, 0xef, 0xfd, 0x0, 0xd, 0x40, 0x3e, 0x67,
    0xe3, 0x2, 0xf0, 0x0, 0x0, 0x8, 0x90, 0xe5,
    0x0, 0x6e, 0x8, 0xb0, 0x0, 0x0, 0x2, 0xf2,
    0x10, 0x0, 0x1, 0x1e, 0x40, 0x0, 0x0, 0x2,
    0xec, 0x0, 0x0, 0x0, 0xbf, 0x20, 0x0, 0x0,
    0x2e, 0x6b, 0xd4, 0x0, 0x3c, 0xc6, 0xe2, 0x0,
    0x1, 0xe5, 0x0, 0x7e, 0xff, 0xe7, 0x0, 0x5e,
    0x20, 0x0, 0x20, 0x0, 0x0, 0x11, 0x0, 0x0,
    0x4, 0x0,

    /* U+EADC "" */
    0x4, 0x55, 0x55, 0x55, 0x55, 0x55, 0x55, 0x40,
    0x2f, 0xcc, 0xcc, 0xcc, 0xcc, 0xcc, 0xcc, 0xf3,
    0x3f, 0x0, 0x0, 0x0, 0x0, 0x0, 0x0, 0xe3,
    0x3f, 0x0, 0x0, 0x0, 0x0, 0x0, 0x0, 0xe3,
    0x3f, 0x0, 0x0, 0x7, 0x60, 0x0, 0x0, 0xe3,
    0x3f, 0x0, 0x0, 0x7, 0x70, 0x0, 0x0, 0xe3,
    0x3f, 0x0, 0x0, 0x7, 0x70, 0x0, 0x0, 0xe3,
    0x3f, 0x0, 0x79, 0x9c, 0xc9, 0x97, 0x0, 0xe3,
    0x3f, 0x0, 0x45, 0x5a, 0xa5, 0x54, 0x0, 0xe3,
    0x3f, 0x0, 0x0, 0x7, 0x70, 0x0, 0x0, 0xe3,
    0x3f, 0x0, 0x0, 0x7, 0x70, 0x0, 0x0, 0xe3,
    0x3f, 0x0, 0x0, 0x5, 0x40, 0x0, 0x0, 0xe3,
    0x3f, 0x0, 0x0, 0x0, 0x0, 0x0, 0x0, 0xe3,
    0x3f, 0x0, 0x0, 0x0, 0x0, 0x0, 0x0, 0xe3,
    0x1f, 0xff, 0xff, 0xff, 0xff, 0xff, 0xff, 0xf2,
    0x0, 0x11, 0x11, 0x11, 0x11, 0x11, 0x11, 0x0,

    /* U+EB51 "" */
    0x0, 0x0, 0x0, 0x3, 0x33, 0x30, 0x0, 0x0,
    0x0, 0x0, 0x0, 0x0, 0x0, 0xff, 0xfe, 0x0,
    0x0, 0x0, 0x0, 0x0, 0x7, 0x80, 0x2f, 0x43,
    0xf2, 0x7, 0x80, 0x0, 0x0, 0x6, 0xff, 0xc7,
    0xf0, 0xf, 0x7c, 0xff, 0x80, 0x0, 0x4, 0xf8,
    0x1b, 0xfd, 0x0, 0xcf, 0xd3, 0x6f, 0x70, 0x0,
    0x1f, 0x70, 0x6, 0x30, 0x3, 0x70, 0x5, 0xf4,
    0x0, 0x0, 0x7f, 0x20, 0x0, 0x0, 0x0, 0x0,
    0xe9, 0x0, 0x0, 0x26, 0xfb, 0x0, 0x29, 0x82,
    0x0, 0x8f, 0x73, 0x0, 0xdf, 0xfc, 0x50, 0x2f,
    0xdd, 0xf1, 0x3, 0xcf, 0xff, 0x1e, 0x80, 0x0,
    0x8, 0xd0, 0xe, 0x70, 0x0, 0x4, 0xf1, 0xe8,
    0x0, 0x0, 0x7d, 0x0, 0xe7, 0x0, 0x0, 0x5f,
    0x1c, 0xff, 0xd6, 0x1, 0xee, 0xed, 0x10, 0x4c,
    0xff, 0xe0, 0x1, 0x4f, 0xa0, 0x1, 0x76, 0x10,
    0x7, 0xf5, 0x10, 0x0, 0x8, 0xe1, 0x0, 0x0,
    0x0, 0x0, 0xd, 0xa0, 0x0, 0x3, 0xf6, 0x0,
    0x95, 0x0, 0x59, 0x10, 0x3f, 0x60, 0x0, 0x2e,
    0xb4, 0xef, 0xd0, 0xd, 0xfe, 0x69, 0xf5, 0x0,
    0x0, 0x3f, 0xf9, 0x5f, 0x0, 0xf5, 0x8f, 0xf4,
    0x0, 0x0, 0x0, 0x34, 0x1, 0xf8, 0x7f, 0x10,
    0x33, 0x0, 0x0, 0x0, 0x0, 0x0, 0xd, 0xff,
    0xd0, 0x0, 0x0, 0x0, 0x0,

    /* U+F00D "" */
    0x0, 0x10, 0x0, 0x0, 0x1, 0x0, 0x0, 0x8f,
    0x80, 0x0, 0x4, 0xfc, 0x0, 0x7f, 0xff, 0x80,
    0x4, 0xff, 0xfc, 0xb, 0xff, 0xff, 0x84, 0xff,
    0xff, 0xf0, 0x1d, 0xff, 0xff, 0xff, 0xff, 0xf3,
    0x0, 0x1d, 0xff, 0xff, 0xff, 0xf3, 0x0, 0x0,
    0x1d, 0xff, 0xff, 0xf3, 0x0, 0x0, 0x4, 0xff,
    0xff, 0xff, 0x80, 0x0, 0x4, 0xff, 0xff, 0xff,
    0xff, 0x80, 0x4, 0xff, 0xff, 0xfd, 0xff, 0xff,
    0x80, 0xcf, 0xff, 0xf3, 0x1d, 0xff, 0xff, 0x3,
    0xff, 0xf3, 0x0, 0x1d, 0xff, 0x70, 0x3, 0xb3,
    0x0, 0x0, 0x1b, 0x60, 0x0,

    /* U+F027 "" */
    0x0, 0x0, 0x0, 0x3, 0x0, 0x0, 0x0, 0x0,
    0x0, 0xaf, 0x0, 0x0, 0x0, 0x0, 0xa, 0xff,
    0x10, 0x0, 0x0, 0x0, 0xaf, 0xff, 0x10, 0x0,
    0x6d, 0xdd, 0xff, 0xff, 0x13, 0x70, 0xaf, 0xff,
    0xff, 0xff, 0x13, 0xe8, 0xaf, 0xff, 0xff, 0xff,
    0x10, 0x7d, 0xaf, 0xff, 0xff, 0xff, 0x10, 0xac,
    0xaf, 0xff, 0xff, 0xff, 0x16, 0xf3, 0x15, 0x56,
    0xff, 0xff, 0x10, 0x10, 0x0, 0x0, 0x4f, 0xff,
    0x10, 0x0, 0x0, 0x0, 0x4, 0xff, 0x10, 0x0,
    0x0, 0x0, 0x0, 0x4c, 0x0, 0x0,

    /* U+F028 "" */
    0x0, 0x0, 0x0, 0x0, 0x0, 0x0, 0x31, 0x0,
    0x0, 0x0, 0x0, 0x0, 0x1, 0x10, 0x0, 0xcf,
    0x60, 0x0, 0x0, 0x0, 0x0, 0x2e, 0x90, 0x0,
    0x7, 0xf7, 0x0, 0x0, 0x0, 0x2, 0xef, 0xa0,
    0xd, 0xa1, 0x6f, 0x30, 0x0, 0x0, 0x2e, 0xff,
    0xa0, 0x3, 0xdc, 0xb, 0xc0, 0xb, 0xdd, 0xff,
    0xff, 0xa0, 0x83, 0x1e, 0x73, 0xf2, 0x1f, 0xff,
    0xff, 0xff, 0xa0, 0xbf, 0x27, 0xd0, 0xe6, 0x1f,
    0xff, 0xff, 0xff, 0xa0, 0xe, 0x74, 0xf0, 0xc7,
    0x1f, 0xff, 0xff, 0xff, 0xa0, 0x2f, 0x55, 0xf0,
    0xd7, 0xf, 0xff, 0xff, 0xff, 0xa0, 0xfb, 0xa,
    0xb0, 0xf4, 0x4, 0x55, 0xaf, 0xff, 0xa0, 0x10,
    0x6f, 0x36, 0xf0, 0x0, 0x0, 0xa, 0xff, 0xa0,
    0xa, 0xf6, 0x1e, 0x80, 0x0, 0x0, 0x0, 0xaf,
    0xa0, 0x6, 0x21, 0xcc, 0x0, 0x0, 0x0, 0x0,
    0x9, 0x60, 0x0, 0x5e, 0xd1, 0x0, 0x0, 0x0,
    0x0, 0x0, 0x0, 0x0, 0xb8, 0x0, 0x0,

    /* U+F030 "" */
    0x0, 0x0, 0x1, 0xac, 0xdd, 0xdd, 0xb2, 0x0,
    0x0, 0x0, 0x0, 0x0, 0xa, 0xff, 0xff, 0xff,
    0xfd, 0x0, 0x0, 0x0, 0x0, 0x11, 0x2f, 0xff,
    0xff, 0xff, 0xff, 0x51, 0x10, 0x0, 0x2d, 0xff,
    0xff, 0xff, 0xff, 0xff, 0xff, 0xff, 0xfe, 0x40,
    0xcf, 0xff, 0xff, 0xff, 0xff, 0xff, 0xff, 0xff,
    0xff, 0xe0, 0xff, 0xff, 0xff, 0xfe, 0x85, 0x7d,
    0xff, 0xff, 0xff, 0xf3, 0xff, 0xff, 0xff, 0xa1,
    0x0, 0x0, 0x8f, 0xff, 0xff, 0xf3, 0xff, 0xff,
    0xfd, 0x0, 0x8c, 0xa2, 0xa, 0xff, 0xff, 0xf3,
    0xff, 0xff, 0xf6, 0xb, 0xff, 0xfe, 0x12, 0xff,
    0xff, 0xf3, 0xff, 0xff, 0xf2, 0x2f, 0xff, 0xff,
    0x70, 0xff, 0xff, 0xf3, 0xff, 0xff, 0xf3, 0x2f,
    0xff, 0xff, 0x70, 0xff, 0xff, 0xf3, 0xff, 0xff,
    0xf7, 0xc, 0xff, 0xff, 0x23, 0xff, 0xff, 0xf3,
    0xff, 0xff, 0xfe, 0x11, 0xae, 0xc3, 0xb, 0xff,
    0xff, 0xf3, 0xff, 0xff, 0xff, 0xd2, 0x0, 0x1,
    0xaf, 0xff, 0xff, 0xf3, 0xff, 0xff, 0xff, 0xff,
    0xb8, 0xae, 0xff, 0xff, 0xff, 0xf3, 0xbf, 0xff,
    0xff, 0xff, 0xff, 0xff, 0xff, 0xff, 0xff, 0xe0,
    0x2c, 0xff, 0xff, 0xff, 0xff, 0xff, 0xff, 0xff,
    0xfd, 0x30, 0x0, 0x0, 0x0, 0x0, 0x0, 0x0,
    0x0, 0x0, 0x0, 0x0,

    /* U+F03A "" */
    0x78, 0x40, 0x88, 0x88, 0x88, 0x88, 0x88, 0x88,
    0x88, 0xe, 0xfa, 0x1f, 0xff, 0xff, 0xff, 0xff,
    0xff, 0xff, 0xf1, 0xef, 0x91, 0xff, 0xff, 0xff,
    0xff, 0xff, 0xff, 0xff, 0x10, 0x0, 0x0, 0x0,
    0x0, 0x0, 0x0, 0x0, 0x0, 0x0, 0x78, 0x40,
    0x88, 0x88, 0x88, 0x88, 0x88, 0x88, 0x88, 0xe,
    0xfa, 0x1f, 0xff, 0xff, 0xff, 0xff, 0xff, 0xff,
    0xf1, 0xef, 0x91, 0xff, 0xff, 0xff, 0xff, 0xff,
    0xff, 0xff, 0x10, 0x0, 0x0, 0x0, 0x0, 0x0,
    0x0, 0x0, 0x0, 0x0, 0x89, 0x50, 0x99, 0x99,
    0x99, 0x99, 0x99, 0x99, 0x99, 0xe, 0xfa, 0x1f,
    0xff, 0xff, 0xff, 0xff, 0xff, 0xff, 0xf1, 0xdf,
    0x90, 0xff, 0xff, 0xff, 0xff, 0xff, 0xff, 0xff,
    0x0, 0x0, 0x0, 0x0, 0x0, 0x0, 0x0, 0x0,
    0x0, 0x0, 0x89, 0x50, 0x99, 0x99, 0x99, 0x99,
    0x99, 0x99, 0x99, 0xe, 0xfa, 0x1f, 0xff, 0xff,
    0xff, 0xff, 0xff, 0xff, 0xf1, 0xdf, 0x90, 0xff,
    0xff, 0xff, 0xff, 0xff, 0xff, 0xff, 0x0,

    /* U+F03E "" */
    0x6e, 0xff, 0xff, 0xff, 0xff, 0xff, 0xff, 0xff,
    0xff, 0xa0, 0xf8, 0x55, 0x55, 0x55, 0x55, 0x55,
    0x55, 0x55, 0x55, 0xf3, 0xf4, 0x0, 0x10, 0x0,
    0x0, 0x0, 0x0, 0x0, 0x0, 0xf4, 0xf4, 0xa,
    0xfe, 0x20, 0x0, 0x0, 0x0, 0x0, 0x0, 0xf4,
    0xf4, 0x2f, 0xff, 0x80, 0x0, 0x0, 0x40, 0x0,
    0x0, 0xf4, 0xf4, 0x1f, 0xff, 0x60, 0x0, 0x6,
    0xfa, 0x0, 0x0, 0xf4, 0xf4, 0x3, 0xa7, 0x0,
    0x0, 0x6f, 0xff, 0xa0, 0x0, 0xf4, 0xf4, 0x0,
    0x0, 0x0, 0x6, 0xff, 0xff, 0xf9, 0x0, 0xf4,
    0xf4, 0x0, 0x8, 0x70, 0x6f, 0xff, 0xff, 0xff,
    0x80, 0xf4, 0xf4, 0x0, 0x8f, 0xfa, 0xff, 0xff,
    0xff, 0xff, 0xb0, 0xf4, 0xf4, 0x8, 0xff, 0xff,
    0xff, 0xff, 0xff, 0xff, 0xb0, 0xf4, 0xf4, 0x3f,
    0xff, 0xff, 0xff, 0xff, 0xff, 0xff, 0xb0, 0xf4,
    0xf4, 0x3f, 0xff, 0xff, 0xff, 0xff, 0xff, 0xff,
    0xb0, 0xf4, 0xf4, 0x2, 0x22, 0x22, 0x22, 0x22,
    0x22, 0x22, 0x10, 0xf4, 0xbf, 0xff, 0xff, 0xff,
    0xff, 0xff, 0xff, 0xff, 0xff, 0xf1, 0x4, 0x55,
    0x55, 0x55, 0x55, 0x55, 0x55, 0x55, 0x55, 0x10,

    /* U+F04B "" */
    0x0, 0x0, 0x0, 0x0, 0x0, 0x0, 0x0, 0xd,
    0x70, 0x0, 0x0, 0x0, 0x0, 0x0, 0x0, 0xef,
    0xe5, 0x0, 0x0, 0x0, 0x0, 0x0, 0xe, 0xff,
    0xfc, 0x40, 0x0, 0x0, 0x0, 0x0, 0xef, 0xff,
    0xff, 0xb2, 0x0, 0x0, 0x0, 0xe, 0xff, 0xff,
    0xff, 0xf9, 0x10, 0x0, 0x0, 0xef, 0xff, 0xff,
    0xff, 0xff, 0x70, 0x0, 0xe, 0xff, 0xff, 0xff,
    0xff, 0xff, 0xe5, 0x0, 0xef, 0xff, 0xff, 0xff,
    0xff, 0xff, 0xfc, 0xe, 0xff, 0xff, 0xff, 0xff,
    0xff, 0xfd, 0x50, 0xef, 0xff, 0xff, 0xff, 0xff,
    0xe7, 0x0, 0xe, 0xff, 0xff, 0xff, 0xff, 0x91,
    0x0, 0x0, 0xef, 0xff, 0xff, 0xfa, 0x20, 0x0,
    0x0, 0xe, 0xff, 0xff, 0xc3, 0x0, 0x0, 0x0,
    0x0, 0xef, 0xfd, 0x50, 0x0, 0x0, 0x0, 0x0,
    0xe, 0xe7, 0x0, 0x0, 0x0, 0x0, 0x0, 0x0,
    0x61, 0x0, 0x0, 0x0, 0x0, 0x0, 0x0, 0x0,

    /* U+F04D "" */
    0x5f, 0xff, 0xff, 0xff, 0xff, 0xff, 0xff, 0xfc,
    0x8f, 0xff, 0xff, 0xff, 0xff, 0xff, 0xff, 0xfe,
    0x8f, 0xff, 0xff, 0xff, 0xff, 0xff, 0xff, 0xfe,
    0x8f, 0xff, 0xff, 0xff, 0xff, 0xff, 0xff, 0xfe,
    0x8f, 0xff, 0xff, 0xff, 0xff, 0xff, 0xff, 0xfe,
    0x8f, 0xff, 0xff, 0xff, 0xff, 0xff, 0xff, 0xfe,
    0x8f, 0xff, 0xff, 0xff, 0xff, 0xff, 0xff, 0xfe,
    0x8f, 0xff, 0xff, 0xff, 0xff, 0xff, 0xff, 0xfe,
    0x8f, 0xff, 0xff, 0xff, 0xff, 0xff, 0xff, 0xfe,
    0x8f, 0xff, 0xff, 0xff, 0xff, 0xff, 0xff, 0xfe,
    0x8f, 0xff, 0xff, 0xff, 0xff, 0xff, 0xff, 0xfe,
    0x8f, 0xff, 0xff, 0xff, 0xff, 0xff, 0xff, 0xfe,
    0x8f, 0xff, 0xff, 0xff, 0xff, 0xff, 0xff, 0xfe,
    0x8f, 0xff, 0xff, 0xff, 0xff, 0xff, 0xff, 0xfe,
    0x7f, 0xff, 0xff, 0xff, 0xff, 0xff, 0xff, 0xfe,
    0x27, 0x77, 0x77, 0x77, 0x77, 0x77, 0x77, 0x75,

    /* U+F06A "" */
    0x0, 0x0, 0x6, 0xbe, 0xed, 0x93, 0x0, 0x0,
    0x0, 0x4, 0xef, 0xff, 0xff, 0xff, 0x90, 0x0,
    0x0, 0x6f, 0xff, 0xea, 0xac, 0xff, 0xfc, 0x0,
    0x3, 0xff, 0xff, 0xc0, 0x5, 0xff, 0xff, 0x90,
    0xb, 0xff, 0xff, 0xc0, 0x6, 0xff, 0xff, 0xf2,
    0x1f, 0xff, 0xff, 0xd0, 0x6, 0xff, 0xff, 0xf8,
    0x5f, 0xff, 0xff, 0xd0, 0x7, 0xff, 0xff, 0xfc,
    0x7f, 0xff, 0xff, 0xe0, 0x7, 0xff, 0xff, 0xfe,
    0x6f, 0xff, 0xff, 0xe0, 0x8, 0xff, 0xff, 0xfd,
    0x4f, 0xff, 0xff, 0xfd, 0xdf, 0xff, 0xff, 0xfb,
    0xf, 0xff, 0xff, 0xf1, 0x19, 0xff, 0xff, 0xf6,
    0x8, 0xff, 0xff, 0xe0, 0x8, 0xff, 0xff, 0xe0,
    0x0, 0xdf, 0xff, 0xf1, 0x8, 0xff, 0xff, 0x40,
    0x0, 0x1d, 0xff, 0xff, 0xff, 0xff, 0xf6, 0x0,
    0x0, 0x0, 0x8f, 0xff, 0xff, 0xfc, 0x30, 0x0,
    0x0, 0x0, 0x0, 0x57, 0x86, 0x20, 0x0, 0x0,

    /* U+F08E "" */
    0x0, 0x0, 0x0, 0x0, 0x0, 0x3, 0xef, 0xff,
    0xfd, 0x0, 0x39, 0xaa, 0xaa, 0xaa, 0xa3, 0xc,
    0xff, 0xff, 0xf1, 0x4f, 0xb9, 0x99, 0x99, 0x99,
    0x30, 0xc, 0xff, 0xff, 0x1c, 0x90, 0x0, 0x0,
    0x0, 0x0, 0x1, 0xdf, 0xff, 0xf1, 0xe5, 0x0,
    0x0, 0x0, 0x0, 0x1, 0xdf, 0xfc, 0xff, 0x1e,
    0x50, 0x0, 0x0, 0x0, 0x1, 0xdf, 0xf4, 0xc,
    0xf1, 0xe5, 0x0, 0x0, 0x0, 0x1, 0xdf, 0xf4,
    0x0, 0x5, 0xe, 0x50, 0x0, 0x0, 0x1, 0xdf,
    0xf4, 0x0, 0x0, 0x0, 0xe5, 0x0, 0x0, 0x1,
    0xdf, 0xf4, 0x0, 0x0, 0x0, 0xe, 0x50, 0x0,
    0x0, 0xcf, 0xf4, 0x0, 0xf2, 0x0, 0x0, 0xe5,
    0x0, 0x0, 0x5, 0xf4, 0x0, 0x1f, 0x30, 0x0,
    0xe, 0x50, 0x0, 0x0, 0x0, 0x0, 0x1, 0xf3,
    0x0, 0x0, 0xe6, 0x0, 0x0, 0x0, 0x0, 0x0,
    0x1f, 0x20, 0x0, 0xa, 0xc1, 0x0, 0x0, 0x0,
    0x0, 0x8, 0xf0, 0x0, 0x0, 0x2d, 0xff, 0xff,
    0xff, 0xff, 0xff, 0xf5, 0x0, 0x0, 0x0, 0x4,
    0x55, 0x55, 0x55, 0x55, 0x41, 0x0, 0x0, 0x0,

    /* U+F110 "" */
    0x0, 0x0, 0x0, 0x2, 0xbc, 0x40, 0x0, 0x0,
    0x0, 0x0, 0x0, 0x0, 0xa, 0xff, 0xe0, 0x0,
    0x10, 0x0, 0x0, 0x4, 0x60, 0xb, 0xff, 0xf0,
    0x5f, 0xf9, 0x0, 0x0, 0x4f, 0xf9, 0x2, 0xde,
    0x50, 0xff, 0xff, 0x30, 0x0, 0x5f, 0xfa, 0x0,
    0x0, 0x0, 0xff, 0xff, 0x40, 0x0, 0x8, 0x91,
    0x0, 0x0, 0x0, 0x8f, 0xfc, 0x0, 0x0, 0x0,
    0x0, 0x0, 0x0, 0x0, 0x3, 0x40, 0x0, 0x0,
    0x0, 0x0, 0x0, 0x0, 0x0, 0x0, 0x0, 0x10,
    0x1e, 0xf2, 0x0, 0x0, 0x0, 0x0, 0x0, 0xd,
    0xf4, 0x2f, 0xf4, 0x0, 0x0, 0x0, 0x0, 0x0,
    0xf, 0xf6, 0x4, 0x40, 0x0, 0x0, 0x0, 0x0,
    0x0, 0x3, 0x50, 0x0, 0x0, 0x0, 0x0, 0x0,
    0x0, 0x0, 0x0, 0x0, 0x0, 0x0, 0x10, 0x0,
    0x0, 0x0, 0x0, 0x10, 0x0, 0x0, 0xe, 0xf3,
    0x0, 0x0, 0x0, 0xe, 0xf3, 0x0, 0x0, 0x1f,
    0xf4, 0x0, 0x0, 0x0, 0xf, 0xf4, 0x0, 0x0,
    0x2, 0x30, 0x0, 0xdf, 0x30, 0x2, 0x40, 0x0,
    0x0, 0x0, 0x0, 0x1, 0xff, 0x50, 0x0, 0x0,
    0x0, 0x0, 0x0, 0x0, 0x0, 0x35, 0x0, 0x0,
    0x0, 0x0,

    /* U+F11C "" */
    0x0, 0x0, 0x0, 0x0, 0x0, 0x0, 0x0, 0x0,
    0x0, 0x0, 0xaf, 0xff, 0xff, 0xff, 0xff, 0xff,
    0xff, 0xff, 0xff, 0xd1, 0xf7, 0x44, 0x44, 0x44,
    0x44, 0x44, 0x44, 0x44, 0x44, 0xf4, 0xf4, 0x25,
    0x5, 0x31, 0x60, 0x43, 0x6, 0x13, 0x50, 0xf4,
    0xf4, 0x5b, 0xb, 0x63, 0xd0, 0x97, 0x1d, 0x28,
    0xc0, 0xf4, 0xf4, 0x0, 0x0, 0x0, 0x0, 0x0,
    0x0, 0x8, 0xc0, 0xf4, 0xf4, 0x5e, 0xd1, 0x7a,
    0xd, 0x35, 0xb0, 0xbf, 0xc0, 0xf4, 0xf4, 0x26,
    0x60, 0x34, 0x6, 0x12, 0x50, 0x56, 0x40, 0xf4,
    0xf4, 0x14, 0x4, 0x55, 0x55, 0x55, 0x55, 0x2,
    0x30, 0xf4, 0xf4, 0x6d, 0xd, 0xff, 0xff, 0xff,
    0xff, 0x28, 0xb0, 0xf4, 0xf4, 0x0, 0x0, 0x0,
    0x0, 0x0, 0x0, 0x0, 0x0, 0xf4, 0xdf, 0xff,
    0xff, 0xff, 0xff, 0xff, 0xff, 0xff, 0xff, 0xf2,
    0x15, 0x55, 0x55, 0x55, 0x55, 0x55, 0x55, 0x55,
    0x55, 0x20,

    /* U+F129 "" */
    0x0, 0x14, 0x42, 0x0, 0x0, 0xcf, 0xff, 0x0,
    0x0, 0xcf, 0xff, 0x10, 0x0, 0xaf, 0xfd, 0x0,
    0x0, 0x0, 0x0, 0x0, 0x0, 0x0, 0x0, 0x0,
    0xf, 0xff, 0xfe, 0x0, 0x1f, 0xff, 0xff, 0x10,
    0x7, 0xef, 0xff, 0x10, 0x0, 0xcf, 0xff, 0x10,
    0x0, 0xcf, 0xff, 0x10, 0x0, 0xcf, 0xff, 0x10,
    0x8, 0xef, 0xff, 0x91, 0x1f, 0xff, 0xff, 0xf5,
    0xe, 0xff, 0xff, 0xe3,

    /* U+F204 "" */
    0x0, 0x2, 0x8c, 0xee, 0xee, 0xee, 0xee, 0xdb,
    0x50, 0x0, 0x0, 0x7, 0xfd, 0x86, 0x8d, 0xfb,
    0x66, 0x67, 0xaf, 0xd2, 0x0, 0x8, 0xf6, 0x0,
    0x0, 0x7, 0xf5, 0x0, 0x0, 0x1b, 0xe1, 0x2,
    0xf5, 0x0, 0x0, 0x0, 0x7, 0xe1, 0x0, 0x0,
    0xd, 0xb0, 0x9c, 0x0, 0x0, 0x0, 0x0, 0xe,
    0x70, 0x0, 0x0, 0x4f, 0x2d, 0x70, 0x0, 0x0,
    0x0, 0x0, 0x9b, 0x0, 0x0, 0x0, 0xe6, 0xf5,
    0x0, 0x0, 0x0, 0x0, 0x7, 0xd0, 0x0, 0x0,
    0xc, 0x8e, 0x60, 0x0, 0x0, 0x0, 0x0, 0x8c,
    0x0, 0x0, 0x0, 0xe7, 0xba, 0x0, 0x0, 0x0,
    0x0, 0xc, 0x80, 0x0, 0x0, 0x2f, 0x35, 0xf2,
    0x0, 0x0, 0x0, 0x4, 0xf2, 0x0, 0x0, 0x9,
    0xd0, 0xb, 0xd2, 0x0, 0x0, 0x3, 0xe9, 0x0,
    0x0, 0x7, 0xf4, 0x0, 0x1c, 0xe8, 0x32, 0x39,
    0xfb, 0x11, 0x12, 0x5b, 0xf6, 0x0, 0x0, 0x7,
    0xdf, 0xff, 0xff, 0xff, 0xff, 0xff, 0xa2, 0x0,
    0x0, 0x0, 0x0, 0x12, 0x33, 0x33, 0x33, 0x32,
    0x0, 0x0, 0x0,

    /* U+F205 "" */
    0x0, 0x2, 0x8c, 0xee, 0xee, 0xee, 0xee, 0xdb,
    0x50, 0x0, 0x0, 0x7, 0xff, 0xff, 0xff, 0xff,
    0xfb, 0x77, 0xaf, 0xd2, 0x0, 0x8, 0xff, 0xff,
    0xff, 0xff, 0xd3, 0x0, 0x0, 0x1b, 0xe1, 0x2,
    0xff, 0xff, 0xff, 0xff, 0xf2, 0x0, 0x0, 0x0,
    0xd, 0xb0, 0x9f, 0xff, 0xff, 0xff, 0xf7, 0x0,
    0x0, 0x0, 0x0, 0x4f, 0x2d, 0xff, 0xff, 0xff,
    0xff, 0x20, 0x0, 0x0, 0x0, 0x0, 0xe6, 0xff,
    0xff, 0xff, 0xff, 0xf0, 0x0, 0x0, 0x0, 0x0,
    0xc, 0x8e, 0xff, 0xff, 0xff, 0xff, 0x10, 0x0,
    0x0, 0x0, 0x0, 0xe7, 0xbf, 0xff, 0xff, 0xff,
    0xf5, 0x0, 0x0, 0x0, 0x0, 0x2f, 0x35, 0xff,
    0xff, 0xff, 0xff, 0xd0, 0x0, 0x0, 0x0, 0x9,
    0xd0, 0xb, 0xff, 0xff, 0xff, 0xff, 0xa0, 0x0,
    0x0, 0x7, 0xf4, 0x0, 0x1c, 0xff, 0xff, 0xff,
    0xff, 0xd6, 0x22, 0x5b, 0xf6, 0x0, 0x0, 0x7,
    0xdf, 0xff, 0xff, 0xff, 0xff, 0xff, 0xa2, 0x0,
    0x0, 0x0, 0x0, 0x12, 0x33, 0x33, 0x33, 0x32,
    0x0, 0x0, 0x0,

    /* U+F2A2 "" */
    0x0, 0x0, 0x0, 0x0, 0x0, 0x0, 0x0, 0x10,
    0x0, 0x0, 0x0, 0x0, 0x0, 0x0, 0x0, 0x0,
    0x3f, 0x60, 0x0, 0x0, 0x0, 0x0, 0x0, 0x0,
    0x0, 0x32, 0x6f, 0x50, 0x0, 0x0, 0x0, 0x4,
    0x8a, 0x84, 0x8, 0xe2, 0x7f, 0x20, 0x0, 0x0,
    0x1c, 0xfc, 0xac, 0xfc, 0x2a, 0xe1, 0xca, 0x0,
    0x0, 0x1e, 0xc2, 0x46, 0x42, 0xce, 0x1d, 0x94,
    0xf0, 0x0, 0x9, 0xe2, 0xcf, 0xef, 0xc1, 0xda,
    0x5e, 0x2, 0x0, 0x0, 0xf5, 0xae, 0x20, 0x2d,
    0xa5, 0xf0, 0x0, 0x0, 0x0, 0x3f, 0x1f, 0x60,
    0x0, 0x5f, 0x1f, 0x30, 0x0, 0x0, 0x1, 0xa0,
    0xa1, 0x2, 0x1, 0xa0, 0xf4, 0x0, 0x0, 0x0,
    0x0, 0x0, 0x0, 0xe1, 0x0, 0x4f, 0x10, 0x0,
    0x0, 0x0, 0x0, 0x3, 0x0, 0x0, 0x1e, 0xa0,
    0x0, 0x0, 0x0, 0x2, 0x0, 0xd1, 0x0, 0xb,
    0xd0, 0x0, 0x0, 0x0, 0x0, 0xdb, 0x0, 0x0,
    0x3, 0xf2, 0x0, 0x0, 0x0, 0x0, 0x2, 0xeb,
    0x0, 0x0, 0x7d, 0x0, 0x0, 0x0, 0x0, 0x3,
    0x2, 0xc1, 0x0, 0x9, 0xb0, 0x0, 0x0, 0x0,
    0x0, 0xb3, 0x0, 0x0, 0x2, 0xf6, 0x0, 0x0,
    0x0, 0x3, 0x10, 0x0, 0x0, 0x38, 0xfc, 0x0,
    0x0, 0x0, 0x0, 0x93, 0x0, 0x0, 0x8, 0xc7,
    0x0, 0x0, 0x0, 0x0, 0x0,

    /* U+F2C7 "" */
    0x0, 0x0, 0x2, 0x10, 0x0, 0x0, 0x0, 0x7,
    0xff, 0xf9, 0x0, 0x0, 0x0, 0x4f, 0x61, 0x4e,
    0x80, 0x0, 0x0, 0xaa, 0x1d, 0x17, 0xd5, 0xd6,
    0x0, 0xb9, 0x2f, 0x25, 0xe3, 0x73, 0x0, 0xb9,
    0x2f, 0x25, 0xe1, 0x31, 0x0, 0xb9, 0x2f, 0x25,
    0xe6, 0xf8, 0x0, 0xb9, 0x2f, 0x25, 0xe0, 0x0,
    0x0, 0xb9, 0x2f, 0x25, 0xe4, 0xa5, 0x0, 0xb9,
    0x2f, 0x25, 0xe4, 0x94, 0x0, 0xb9, 0x2f, 0x25,
    0xe0, 0x0, 0x2, 0xf7, 0x2f, 0x24, 0xf5, 0x0,
    0xa, 0xc0, 0x8f, 0x80, 0x9d, 0x0, 0xf, 0x64,
    0xff, 0xf4, 0x2f, 0x20, 0xf, 0x55, 0xff, 0xf5,
    0x2f, 0x20, 0xc, 0x90, 0xbf, 0xb0, 0x6f, 0x0,
    0x5, 0xf4, 0x0, 0x2, 0xe9, 0x0, 0x0, 0x9f,
    0xa7, 0x9f, 0xc0, 0x0, 0x0, 0x5, 0xbd, 0xb6,
    0x0, 0x0,

    /* U+F300 "" */
    0x0, 0x0, 0x5d, 0xdd, 0xdd, 0xdd, 0xd9, 0x0,
    0x0, 0x0, 0x0, 0xef, 0xff, 0xff, 0xff, 0xff,
    0x30, 0x0, 0x0, 0x8, 0xff, 0xff, 0xff, 0xff,
    0xff, 0xc0, 0x0, 0x0, 0x2f, 0xff, 0xff, 0xff,
    0xff, 0xff, 0xf6, 0x0, 0x0, 0xaf, 0xff, 0xf6,
    0xdf, 0xfe, 0xff, 0xfe, 0x0, 0x4, 0xff, 0xff,
    0x40, 0x1d, 0x43, 0xef, 0xff, 0x80, 0xd, 0xff,
    0xf4, 0x6, 0x11, 0x10, 0x3e, 0xff, 0xf2, 0x4f,
    0xff, 0x40, 0x7f, 0xc1, 0x18, 0x3, 0xef, 0xf9,
    0xe, 0xf4, 0x5, 0x4f, 0xfc, 0x1, 0x70, 0x3e,
    0xf3, 0x5, 0xfb, 0xbf, 0xbf, 0xff, 0xca, 0xfb,
    0xaf, 0xa0, 0x0, 0xcf, 0xff, 0xff, 0xff, 0xff,
    0xff, 0xff, 0x10, 0x0, 0x3f, 0xff, 0xff, 0xff,
    0xff, 0xff, 0xf7, 0x0, 0x0, 0xa, 0xff, 0xff,
    0xff, 0xff, 0xff, 0xe0, 0x0, 0x0, 0x1, 0xff,
    0xff, 0xff, 0xff, 0xff, 0x50, 0x0, 0x0, 0x0,
    0x7f, 0xff, 0xff, 0xff, 0xfc, 0x0, 0x0, 0x0,
    0x0, 0x0, 0x0, 0x0, 0x0, 0x0, 0x0, 0x0,

    /* U+F315 "" */
    0x0, 0x2, 0x10, 0x0, 0x1, 0x21, 0x0, 0x1,
    0x98, 0x77, 0x94, 0x19, 0x86, 0x88, 0x30, 0x26,
    0x1, 0x0, 0x79, 0x0, 0x0, 0x17, 0x0, 0x90,
    0x4, 0x25, 0x90, 0x41, 0x5, 0x40, 0x7, 0x30,
    0x5, 0xef, 0x90, 0x0, 0x90, 0x0, 0x7, 0x75,
    0xce, 0xee, 0x65, 0x91, 0x0, 0x0, 0x95, 0x69,
    0x0, 0x57, 0x6b, 0x10, 0x0, 0x54, 0x2e, 0xa1,
    0x6, 0xe3, 0x3a, 0x0, 0x9, 0x7d, 0x43, 0xde,
    0x42, 0x97, 0xd0, 0x4, 0x8e, 0x20, 0x5, 0x90,
    0x0, 0xc7, 0x80, 0x90, 0xa0, 0x0, 0x6a, 0x0,
    0x8, 0xa, 0x18, 0xe, 0x30, 0x1d, 0xf4, 0x1,
    0xd0, 0x92, 0x77, 0xef, 0xca, 0x10, 0x6d, 0xea,
    0x7b, 0x1, 0xc0, 0x4f, 0x30, 0x0, 0xd4, 0x8,
    0x50, 0xa, 0x0, 0x76, 0x0, 0x19, 0x0, 0x90,
    0x0, 0x56, 0x4, 0xfa, 0x9e, 0x60, 0x39, 0x0,
    0x0, 0x5b, 0xd8, 0x21, 0x5d, 0xa8, 0x0, 0x0,
    0x0, 0x19, 0x80, 0x6, 0xb3, 0x0, 0x0, 0x0,
    0x0, 0x3, 0x89, 0x50, 0x0, 0x0, 0x0,

    /* U+F4A7 "" */
    0x0, 0x0, 0x0, 0x0, 0x0, 0x0, 0x0, 0x0,
    0x2, 0xdf, 0xff, 0xff, 0xff, 0xff, 0xff, 0xff,
    0x50, 0xaf, 0xaa, 0xaa, 0xaa, 0xaa, 0xaa, 0xaa,
    0xee, 0xb, 0xf0, 0x0, 0x0, 0x0, 0x0, 0x0,
    0xa, 0xf0, 0xbf, 0x0, 0x0, 0x0, 0x0, 0x0,
    0x0, 0xaf, 0xb, 0xf0, 0x0, 0x0, 0x0, 0x0,
    0x73, 0xa, 0xf0, 0xbf, 0x0, 0x0, 0x0, 0x0,
    0xaf, 0x80, 0xaf, 0xb, 0xf0, 0x0, 0x0, 0x0,
    0xaf, 0xb0, 0xa, 0xf0, 0xbf, 0x1, 0xb3, 0x0,
    0xaf, 0xb0, 0x0, 0xaf, 0xb, 0xf0, 0x2f, 0xe3,
    0xaf, 0xb0, 0x0, 0xa, 0xf0, 0xbf, 0x0, 0x4f,
    0xff, 0xb0, 0x0, 0x0, 0xaf, 0xb, 0xf0, 0x0,
    0x5f, 0xb0, 0x0, 0x0, 0xa, 0xf0, 0xbf, 0x0,
    0x0, 0x10, 0x0, 0x0, 0x0, 0xaf, 0xb, 0xf0,
    0x0, 0x0, 0x0, 0x0, 0x0, 0xa, 0xf0, 0xbf,
    0x0, 0x0, 0x0, 0x0, 0x0, 0x0, 0xbf, 0x8,
    0xff, 0xff, 0xff, 0xff, 0xff, 0xff, 0xff, 0xc0,
    0x7, 0xaa, 0xaa, 0xaa, 0xaa, 0xaa, 0xaa, 0x81,
    0x0,

    /* U+F4ED "" */
    0x0, 0x0, 0x0, 0x0, 0x0, 0x0, 0x0, 0x0,
    0x0, 0x0, 0x5d, 0xff, 0xff, 0xff, 0xff, 0xff,
    0xff, 0xe8, 0x0, 0x5f, 0xea, 0xaa, 0xaa, 0xaa,
    0xab, 0xff, 0xbd, 0xf9, 0xb, 0xf1, 0x0, 0x0,
    0x0, 0x0, 0x7f, 0x50, 0xc, 0xf0, 0xce, 0x0,
    0x0, 0x0, 0x0, 0x8, 0xf2, 0x0, 0x9f, 0x18,
    0xfd, 0xbb, 0xbb, 0xbb, 0xbb, 0xdf, 0xc0, 0xc,
    0xf0, 0x9, 0xef, 0xff, 0xff, 0xff, 0xff, 0xfd,
    0x13, 0xfa, 0x0, 0x0, 0x1f, 0xd0, 0x0, 0x0,
    0x0, 0x0, 0xbf, 0x30, 0x0, 0xa, 0xf5, 0x0,
    0x0, 0x0, 0x0, 0x5f, 0x90, 0x0, 0x5, 0xfb,
    0xa, 0xbb, 0xbb, 0x70, 0x1e, 0xe1, 0x0, 0x1,
    0xee, 0x11, 0xef, 0xff, 0xfb, 0xa, 0xf5, 0x0,
    0x0, 0x9f, 0x60, 0x0, 0x0, 0x0, 0x4, 0xfa,
    0x0, 0x0, 0x2f, 0xc0, 0x8a, 0xaa, 0xa6, 0x0,
    0xdf, 0x14, 0x90, 0x8, 0xf4, 0x1f, 0xff, 0xff,
    0xc0, 0x3f, 0x90, 0x7f, 0x90, 0xcf, 0x0, 0x0,
    0x0, 0x0, 0x7, 0xf3, 0x0, 0xcf, 0xd, 0xd0,
    0x0, 0x0, 0x0, 0x0, 0x9f, 0x10, 0x9, 0xf1,
    0x9f, 0x50, 0x0, 0x0, 0x0, 0x6, 0xf9, 0x2,
    0xee, 0x1, 0xef, 0xff, 0xff, 0xff, 0xff, 0xff,
    0xff, 0xff, 0x50, 0x1, 0x8b, 0xbb, 0xbb, 0xbb,
    0xbb, 0xbb, 0xb9, 0x30, 0x0,

    /* U+F0001 "󰀁" */
    0x28, 0x88, 0x81, 0x0, 0x0, 0x8, 0x88, 0x84,
    0x5f, 0xff, 0xf3, 0x0, 0x0, 0xf, 0xff, 0xf8,
    0x5f, 0x22, 0xff, 0xff, 0xff, 0xff, 0xd0, 0xe8,
    0x5f, 0xff, 0xf3, 0x0, 0x0, 0xf, 0xff, 0xf8,
    0x5f, 0xff, 0xf2, 0x0, 0x0, 0xe, 0xff, 0xf8,
    0x0, 0xed, 0x0, 0x0, 0x0, 0x0, 0x2f, 0x10,
    0x0, 0xed, 0x0, 0x0, 0x0, 0x0, 0x2f, 0x10,
    0x0, 0xed, 0x0, 0x0, 0x0, 0x0, 0x2f, 0x10,
    0x0, 0xed, 0x0, 0x0, 0x0, 0x0, 0x2f, 0x10,
    0x0, 0xed, 0x0, 0x0, 0x0, 0x0, 0x2f, 0x10,
    0x14, 0xee, 0x40, 0x0, 0x0, 0x4, 0x5f, 0x52,
    0x5f, 0xff, 0xf2, 0x0, 0x0, 0xf, 0xff, 0xf8,
    0x5f, 0x22, 0xff, 0xff, 0xff, 0xff, 0xd0, 0xe8,
    0x5f, 0x55, 0xfc, 0xcc, 0xcc, 0xcf, 0xe4, 0xf8,
    0x5f, 0xff, 0xf2, 0x0, 0x0, 0xf, 0xff, 0xf8,
    0x13, 0x33, 0x30, 0x0, 0x0, 0x3, 0x33, 0x32,

    /* U+F0002 "󰀂" */
    0x0, 0x31, 0x0, 0x0, 0x0, 0x0, 0x5, 0x0,
    0x1, 0xea, 0x0, 0x0, 0x0, 0x0, 0x6f, 0x50,
    0x9, 0xf2, 0x12, 0x0, 0x0, 0x3, 0xc, 0xd0,
    0xf, 0x90, 0xbd, 0x0, 0x0, 0x7e, 0x15, 0xf4,
    0x3f, 0x42, 0xf7, 0x8, 0xb3, 0x2f, 0x70, 0xf7,
    0x5f, 0x25, 0xf3, 0x3f, 0xfb, 0xe, 0x90, 0xe9,
    0x4f, 0x24, 0xf5, 0x1e, 0xf7, 0xf, 0x80, 0xe8,
    0x2f, 0x60, 0xfc, 0x0, 0x10, 0x6f, 0x41, 0xf6,
    0xd, 0xc0, 0x78, 0x0, 0x10, 0x3b, 0x7, 0xf1,
    0x5, 0xf5, 0x0, 0x7, 0xf0, 0x0, 0x2f, 0xa0,
    0x0, 0xb8, 0x0, 0x7, 0xf0, 0x0, 0x4d, 0x10,
    0x0, 0x0, 0x0, 0x8, 0xf1, 0x0, 0x0, 0x0,
    0x15, 0x55, 0x55, 0xef, 0xff, 0x85, 0x55, 0x53,
    0x5f, 0xff, 0xff, 0xff, 0xff, 0xff, 0xff, 0xf9,
    0x2, 0x22, 0x22, 0xce, 0xee, 0x52, 0x22, 0x21,

    /* U+F0003 "󰀃" */
    0x0, 0x41, 0x0, 0x0, 0x0, 0x0, 0x5, 0x0,
    0x1, 0xfa, 0x0, 0x0, 0x0, 0x0, 0x6f, 0x50,
    0x9, 0xf1, 0x12, 0x0, 0x0, 0x3, 0xc, 0xe0,
    0xf, 0x80, 0xcd, 0x0, 0x0, 0x7f, 0x14, 0xf4,
    0x3f, 0x42, 0xf7, 0x9, 0xc3, 0x2f, 0x70, 0xf8,
    0x5f, 0x25, 0xf3, 0x3f, 0xfb, 0xe, 0x90, 0xd9,
    0x4f, 0x34, 0xf5, 0xd, 0xf6, 0xf, 0x80, 0xe8,
    0x1f, 0x70, 0xed, 0x0, 0x10, 0x7f, 0x32, 0xf5,
    0xc, 0xd0, 0x45, 0x0, 0x0, 0x17, 0x9, 0xf1,
    0x4, 0xf8, 0x0, 0x0, 0x0, 0x0, 0x4f, 0x80,
    0x0, 0x84, 0x0, 0x0, 0x0, 0x0, 0x2a, 0x0,

    /* U+F0004 "󰀄" */
    0x0, 0x0, 0x0, 0x10, 0x0, 0x0, 0x0, 0x0,
    0xa, 0xff, 0xb1, 0x0, 0x0, 0x0, 0x8, 0xff,
    0xff, 0xb0, 0x0, 0x0, 0x0, 0xdf, 0xff, 0xff,
    0x0, 0x0, 0x0, 0xc, 0xff, 0xff, 0xf0, 0x0,
    0x0, 0x0, 0x5f, 0xff, 0xf8, 0x0, 0x0, 0x0,
    0x0, 0x5b, 0xc7, 0x0, 0x0, 0x0, 0x0, 0x0,
    0x0, 0x0, 0x0, 0x0, 0x0, 0x3, 0x68, 0x87,
    0x40, 0x0, 0x0, 0x6e, 0xff, 0xff, 0xff, 0xf8,
    0x0, 0x8f, 0xff, 0xff, 0xff, 0xff, 0xfb, 0xe,
    0xff, 0xff, 0xff, 0xff, 0xff, 0xf1, 0xef, 0xff,
    0xff, 0xff, 0xff, 0xff, 0x10,

    /* U+F0005 "󰀅" */
    0x0, 0x0, 0x0, 0x10, 0x0, 0x0, 0x0, 0x0,
    0x0, 0x0, 0x1c, 0xff, 0x90, 0x0, 0x0, 0x0,
    0x0, 0x0, 0xcf, 0xff, 0xf7, 0x0, 0x0, 0x0,
    0x0, 0x1, 0xff, 0xff, 0xfc, 0x0, 0x0, 0x7d,
    0x0, 0x0, 0xff, 0xff, 0xfb, 0x0, 0x0, 0x8e,
    0x0, 0x0, 0x9f, 0xff, 0xf5, 0x0, 0x0, 0x8e,
    0x0, 0x0, 0x7, 0xcb, 0x50, 0x0, 0x0, 0x8e,
    0x0, 0x0, 0x0, 0x0, 0x0, 0x0, 0x0, 0x59,
    0x0, 0x0, 0x47, 0x88, 0x63, 0x0, 0x0, 0x0,
    0x0, 0x9f, 0xff, 0xff, 0xff, 0xe6, 0x0, 0x7b,
    0xc, 0xff, 0xff, 0xff, 0xff, 0xff, 0x70, 0x6a,
    0x1f, 0xff, 0xff, 0xff, 0xff, 0xff, 0xd0, 0x0,
    0x1f, 0xff, 0xff, 0xff, 0xff, 0xff, 0xd0, 0x0,

    /* U+F0006 "󰀆" */
    0x1c, 0xff, 0xff, 0xff, 0xff, 0xff, 0xf9, 0x5,
    0xff, 0xff, 0xff, 0xff, 0xff, 0xff, 0xf1, 0x6f,
    0xff, 0xff, 0x75, 0xaf, 0xff, 0xff, 0x16, 0xff,
    0xff, 0x60, 0x0, 0xaf, 0xff, 0xf1, 0x6f, 0xff,
    0xf2, 0x0, 0x7, 0xff, 0xff, 0x16, 0xff, 0xff,
    0x60, 0x0, 0xaf, 0xff, 0xf1, 0x6f, 0xff, 0xff,
    0x74, 0x9f, 0xff, 0xff, 0x16, 0xff, 0xff, 0xff,
    0xff, 0xff, 0xff, 0xf1, 0x6f, 0xff, 0xc7, 0x53,
    0x58, 0xef, 0xff, 0x16, 0xff, 0x50, 0x0, 0x0,
    0x0, 0xaf, 0xf1, 0x6f, 0xe0, 0x0, 0x0, 0x0,
    0x2, 0xff, 0x16, 0xff, 0xff, 0xff, 0xff, 0xff,
    0xff, 0xf1, 0x2f, 0xff, 0xff, 0xff, 0xff, 0xff,
    0xfd, 0x0, 0x24, 0x44, 0x44, 0x44, 0x44, 0x44,
    0x10,

    /* U+F0007 "󰀇" */
    0x3e, 0xff, 0xff, 0xff, 0xff, 0xff, 0xf7, 0x9f,
    0x88, 0x88, 0x88, 0x88, 0x88, 0xce, 0x9e, 0x0,
    0x0, 0x0, 0x0, 0x0, 0x9e, 0x9e, 0x0, 0x0,
    0x45, 0x0, 0x0, 0x9e, 0x9e, 0x0, 0x4, 0xff,
    0x90, 0x0, 0x9e, 0x9e, 0x0, 0x7, 0xff, 0xc0,
    0x0, 0x9e, 0x9e, 0x0, 0x1, 0xcd, 0x40, 0x0,
    0x9e, 0x9e, 0x0, 0x0, 0x0, 0x0, 0x0, 0x9e,
    0x9e, 0x0, 0x3a, 0xde, 0xb6, 0x0, 0x9e, 0x9e,
    0x2, 0xff, 0xff, 0xff, 0x60, 0x9e, 0x9e, 0x1,
    0x44, 0x44, 0x44, 0x20, 0x9e, 0x9e, 0x0, 0x0,
    0x0, 0x0, 0x0, 0x9e, 0x7f, 0xff, 0xff, 0xff,
    0xff, 0xff, 0xfc, 0x6, 0x88, 0x88, 0x88, 0x88,
    0x88, 0x71,

    /* U+F0008 "󰀈" */
    0x0, 0x0, 0x0, 0x21, 0x0, 0x0, 0x0, 0x0,
    0x0, 0x0, 0x2d, 0xff, 0xa0, 0x0, 0x0, 0x0,
    0x0, 0x0, 0xdf, 0xff, 0xf7, 0x0, 0x0, 0x0,
    0x0, 0x1, 0xff, 0xff, 0xfc, 0x0, 0x0, 0x0,
    0x0, 0x0, 0xff, 0xff, 0xfb, 0x0, 0x0, 0x0,
    0x0, 0x0, 0x9f, 0xff, 0xf3, 0x0, 0x0, 0x0,
    0x0, 0x0, 0x7, 0xba, 0x30, 0x0, 0x0, 0x0,
    0x0, 0x0, 0x0, 0x0, 0x0, 0x0, 0x3, 0xd1,
    0x0, 0x17, 0xbe, 0xfb, 0x0, 0x0, 0x3f, 0xd1,
    0x5, 0xff, 0xff, 0xc0, 0x45, 0x3, 0xfd, 0x10,
    0xf, 0xff, 0xff, 0x50, 0xbf, 0x8f, 0xd1, 0x0,
    0x2f, 0xff, 0xff, 0xf5, 0xc, 0xfd, 0x10, 0x0,
    0x18, 0x88, 0x88, 0x87, 0x0, 0x91, 0x0, 0x0,

    /* U+F0009 "󰀉" */
    0x0, 0x0, 0x4, 0x9c, 0xdb, 0x81, 0x0, 0x0,
    0x0, 0x2, 0xdf, 0xff, 0xff, 0xff, 0x70, 0x0,
    0x0, 0x3f, 0xff, 0xf9, 0x7c, 0xff, 0xfa, 0x0,
    0x1, 0xef, 0xff, 0x50, 0x0, 0xdf, 0xff, 0x60,
    0x8, 0xff, 0xff, 0x0, 0x0, 0x8f, 0xff, 0xe0,
    0xe, 0xff, 0xff, 0x20, 0x0, 0xbf, 0xff, 0xf6,
    0x1f, 0xff, 0xff, 0xc2, 0x6, 0xff, 0xff, 0xf9,
    0x3f, 0xff, 0xff, 0xff, 0xff, 0xff, 0xff, 0xfb,
    0x2f, 0xff, 0xff, 0xb7, 0x79, 0xdf, 0xff, 0xfa,
    0xf, 0xff, 0x91, 0x0, 0x0, 0x4, 0xef, 0xf7,
    0xa, 0xfd, 0x0, 0x0, 0x0, 0x0, 0x5f, 0xf2,
    0x3, 0xff, 0x60, 0x0, 0x0, 0x1, 0xdf, 0xa0,
    0x0, 0x7f, 0xfa, 0x20, 0x0, 0x6e, 0xfe, 0x10,
    0x0, 0x7, 0xff, 0xff, 0xef, 0xff, 0xd2, 0x0,
    0x0, 0x0, 0x3a, 0xff, 0xff, 0xd7, 0x0, 0x0,
    0x0, 0x0, 0x0, 0x2, 0x31, 0x0, 0x0, 0x0,

    /* U+F000A "󰀊" */
    0x0, 0x0, 0x0, 0x0, 0x3, 0x10, 0x0, 0x0,
    0x0, 0x0, 0x0, 0x0, 0x0, 0x0, 0xaf, 0xe9,
    0x20, 0x0, 0x0, 0x0, 0x0, 0x0, 0x0, 0x0,
    0xaf, 0xdf, 0x60, 0x0, 0x0, 0x0, 0x0, 0x0,
    0x1, 0x20, 0x60, 0x4e, 0x80, 0x0, 0x0, 0x0,
    0x0, 0x9, 0xff, 0xc1, 0x0, 0x2e, 0x60, 0x0,
    0x0, 0x0, 0x4, 0xff, 0xff, 0x90, 0x0, 0x4f,
    0x10, 0x0, 0x0, 0x0, 0x7f, 0xff, 0xfb, 0x0,
    0x0, 0xc8, 0x0, 0x0, 0x0, 0x3, 0xff, 0xff,
    0x70, 0x0, 0x5, 0xd0, 0x0, 0x0, 0x0, 0x6,
    0xef, 0x90, 0x0, 0x0, 0x2f, 0x0, 0x0, 0x0,
    0x0, 0x0, 0x0, 0x0, 0x0, 0x0, 0x0, 0x84,
    0x0, 0x0, 0x59, 0xab, 0x96, 0x10, 0x0, 0x0,
    0xa, 0x90, 0x4, 0xef, 0xff, 0xff, 0xff, 0x70,
    0x0, 0x0, 0x5d, 0x0, 0xff, 0xff, 0xff, 0xff,
    0xff, 0x30, 0x0, 0x0, 0xe6, 0x1f, 0xff, 0xff,
    0xff, 0xff, 0xf5, 0x0, 0x0, 0x5, 0xe2, 0x0,
    0x0, 0x0, 0x0, 0x0, 0x0, 0x0, 0x0, 0x8,
    0xe2, 0x1, 0x0, 0x0, 0x0, 0x0, 0x0, 0x0,
    0x0, 0x7, 0xf8, 0xe9, 0x0, 0x0, 0x0, 0x0,
    0x0, 0x0, 0x0, 0x3, 0xcf, 0xf9, 0x0, 0x0,
    0x0, 0x0, 0x0, 0x0, 0x0, 0x0, 0x26, 0x83,
    0x0, 0x0, 0x0, 0x0, 0x0,

    /* U+F000B "󰀋" */
    0x0, 0x0, 0x0, 0x0, 0x0, 0x0, 0x0, 0x0,
    0x0, 0x0, 0x0, 0x0, 0x0, 0x0, 0x8, 0xff,
    0xa1, 0x0, 0x0, 0x0, 0x0, 0x0, 0x0, 0x7,
    0xff, 0xff, 0xa0, 0x0, 0x0, 0x0, 0x0, 0x0,
    0x0, 0xdf, 0xff, 0xff, 0x0, 0x0, 0x2c, 0xfa,
    0x0, 0x0, 0xc, 0xff, 0xff, 0xf0, 0x0, 0xb,
    0xe9, 0xfb, 0x99, 0x93, 0x6f, 0xff, 0xf9, 0x0,
    0x0, 0xcc, 0x2f, 0xff, 0xff, 0x50, 0x6d, 0xd8,
    0x0, 0x0, 0x6, 0xff, 0xf2, 0xad, 0x0, 0x0,
    0x0, 0x0, 0x0, 0x0, 0x3, 0x62, 0x4, 0x60,
    0x2, 0x68, 0x86, 0x30, 0x0, 0x0, 0x0, 0x0,
    0x0, 0x6d, 0xff, 0xff, 0xff, 0xe7, 0x0, 0x0,
    0x0, 0x0, 0x8f, 0xff, 0xff, 0xff, 0xff, 0xfb,
    0x0, 0x0, 0x0, 0xe, 0xff, 0xff, 0xff, 0xff,
    0xff, 0xf1, 0x0, 0x0, 0x0, 0xdf, 0xff, 0xff,
    0xff, 0xff, 0xff, 0x10,

    /* U+F000C "󰀌" */
    0x6, 0xbb, 0xbb, 0xbb, 0xbb, 0xbb, 0xbb, 0xb3,
    0x1f, 0xff, 0xff, 0xff, 0xff, 0xff, 0xff, 0xfd,
    0x1f, 0xff, 0xff, 0xe3, 0x5, 0xff, 0xff, 0xfe,
    0x1f, 0xff, 0xff, 0x60, 0x0, 0xaf, 0xff, 0xfe,
    0x1f, 0xff, 0xff, 0x60, 0x0, 0xaf, 0xff, 0xfe,
    0x1f, 0xff, 0xff, 0xe3, 0x5, 0xff, 0xff, 0xfe,
    0x1f, 0xff, 0xff, 0xff, 0xff, 0xff, 0xff, 0xfe,
    0x1f, 0xff, 0xfa, 0x42, 0x2, 0x5c, 0xff, 0xfe,
    0x1f, 0xff, 0x40, 0x0, 0x0, 0x0, 0x8f, 0xfe,
    0x1f, 0xfe, 0x0, 0x0, 0x0, 0x0, 0x1f, 0xfe,
    0x1f, 0xff, 0xff, 0xff, 0xff, 0xff, 0xff, 0xfe,
    0xd, 0xff, 0xff, 0xff, 0xff, 0xff, 0xff, 0xfa,
    0x0, 0x44, 0x47, 0xff, 0xff, 0xf5, 0x44, 0x30,
    0x0, 0x0, 0x0, 0x6f, 0xff, 0x30, 0x0, 0x0,
    0x0, 0x0, 0x0, 0x5, 0xe3, 0x0, 0x0, 0x0,
    0x0, 0x0, 0x0, 0x0, 0x10, 0x0, 0x0, 0x0,

    /* U+F000D "󰀍" */
    0x0, 0x0, 0x0, 0x0, 0x0, 0x1, 0x0, 0x0,
    0x0, 0x0, 0x0, 0x0, 0x0, 0x8, 0xff, 0xd2,
    0x0, 0x0, 0x0, 0x0, 0x0, 0x0, 0x5f, 0xff,
    0xfd, 0x0, 0x0, 0x0, 0x0, 0x0, 0x0, 0xaf,
    0xff, 0xff, 0x20, 0x0, 0x0, 0x0, 0x0, 0x0,
    0x9f, 0xff, 0xff, 0x10, 0x0, 0xa, 0xaa, 0xaa,
    0x90, 0x3f, 0xff, 0xfa, 0x0, 0x0, 0x1d, 0xdd,
    0xdd, 0xc0, 0x3, 0xbc, 0x80, 0x0, 0x0, 0x0,
    0x0, 0x0, 0x0, 0x0, 0x0, 0x0, 0x0, 0x0,
    0x0, 0x0, 0x0, 0x0, 0x15, 0x78, 0x74, 0x0,
    0x0, 0x0, 0x0, 0x0, 0x3b, 0xff, 0xff, 0xff,
    0xf8, 0x10, 0x0, 0x0, 0x3, 0xff, 0xff, 0xff,
    0xff, 0xff, 0xd0, 0x0, 0x0, 0x9, 0xff, 0xff,
    0xff, 0xff, 0xff, 0xf3, 0x0, 0x0, 0x9, 0xff,
    0xff, 0xff, 0xff, 0xff, 0xf4,

    /* U+F000E "󰀎" */
    0x0, 0x0, 0x6c, 0xc4, 0xa, 0xc8, 0x0, 0x0,
    0x0, 0x5, 0xff, 0xff, 0x29, 0xff, 0xa0, 0x0,
    0x0, 0xb, 0xff, 0xff, 0x76, 0xff, 0xf0, 0x0,
    0x0, 0x9, 0xff, 0xff, 0x67, 0xff, 0xe0, 0x0,
    0x0, 0x2, 0xef, 0xfc, 0xc, 0xff, 0x50, 0x0,
    0x0, 0x0, 0x5, 0x40, 0x3, 0x52, 0x0, 0x0,
    0x0, 0x0, 0x1, 0x0, 0x0, 0x0, 0x0, 0x0,
    0x0, 0x7d, 0xff, 0xff, 0xb5, 0x5, 0xe9, 0x10,
    0xb, 0xff, 0xff, 0xff, 0xff, 0x80, 0xbf, 0xe1,
    0x4f, 0xff, 0xff, 0xff, 0xff, 0xf0, 0x6f, 0xf8,
    0x5f, 0xff, 0xff, 0xff, 0xff, 0xf2, 0x5f, 0xf9,
    0x26, 0x66, 0x66, 0x66, 0x66, 0x60, 0x26, 0x63,

    /* U+F000F "󰀏" */
    0x0, 0x0, 0x6c, 0xc4, 0xa, 0xc8, 0x0, 0x0,
    0x0, 0x5, 0xfc, 0xdf, 0x29, 0xff, 0xa0, 0x0,
    0x0, 0xb, 0xd0, 0x1f, 0x76, 0xff, 0xf0, 0x0,
    0x0, 0x9, 0xf3, 0x6f, 0x67, 0xff, 0xe0, 0x0,
    0x0, 0x2, 0xef, 0xfc, 0xc, 0xff, 0x50, 0x0,
    0x0, 0x0, 0x15, 0x40, 0x3, 0x52, 0x0, 0x0,
    0x0, 0x0, 0x1, 0x0, 0x0, 0x0, 0x0, 0x0,
    0x0, 0x7d, 0xff, 0xff, 0xb5, 0x5, 0xe9, 0x10,
    0xb, 0xfc, 0x86, 0x78, 0xdf, 0x80, 0xbf, 0xe1,
    0x4f, 0x71, 0x11, 0x11, 0x1a, 0xf0, 0x6f, 0xf8,
    0x5f, 0xff, 0xff, 0xff, 0xff, 0xf2, 0x5f, 0xf9,
    0x26, 0x66, 0x66, 0x66, 0x66, 0x60, 0x26, 0x63,

    /* U+F0010 "󰀐" */
    0x0, 0x0, 0x0, 0x0, 0x16, 0x50, 0x6, 0x30,
    0x0, 0x0, 0x0, 0x0, 0x0, 0x1e, 0xff, 0x90,
    0xaf, 0x60, 0x0, 0x0, 0xad, 0x0, 0x6, 0xff,
    0xff, 0x7, 0xfc, 0x0, 0x0, 0xa, 0xd0, 0x0,
    0x4f, 0xff, 0xe0, 0x8f, 0xa0, 0x0, 0xbb, 0xef,
    0xbb, 0x10, 0x8f, 0xd3, 0xd, 0xc1, 0x0, 0xb,
    0xce, 0xfc, 0xc1, 0x0, 0x0, 0x0, 0x0, 0x0,
    0x0, 0x0, 0xad, 0x0, 0x1, 0x57, 0x64, 0x0,
    0x23, 0x0, 0x0, 0xa, 0xd0, 0x8, 0xff, 0xff,
    0xfe, 0x50, 0xdc, 0x20, 0x0, 0x0, 0x5, 0xff,
    0xff, 0xff, 0xff, 0x15, 0xfb, 0x0, 0x0, 0x0,
    0xaf, 0xff, 0xff, 0xff, 0xf5, 0x3f, 0xf0, 0x0,
    0x0, 0xb, 0xff, 0xff, 0xff, 0xff, 0x62, 0xff,
    0x10,

    /* U+F0011 "󰀑" */
    0x0, 0x0, 0x0, 0x3b, 0xc6, 0x0, 0x0, 0x0,
    0x0, 0x0, 0x2, 0xff, 0xff, 0x60, 0x0, 0x0,
    0x0, 0x0, 0x6, 0xff, 0xff, 0xb0, 0x0, 0x0,
    0x0, 0x0, 0x5, 0xff, 0xff, 0xa0, 0x0, 0x0,
    0x0, 0x0, 0x0, 0xbf, 0xfe, 0x20, 0x0, 0x0,
    0x0, 0x0, 0x0, 0x4, 0x40, 0x0, 0x0, 0x0,
    0x0, 0x0, 0x0, 0x0, 0x0, 0x0, 0x0, 0x0,
    0x0, 0x0, 0x29, 0xdf, 0xfe, 0xb6, 0x0, 0x0,
    0x0, 0x6, 0xff, 0xff, 0xff, 0xff, 0xd1, 0x0,
    0x0, 0xe, 0xff, 0xff, 0xff, 0xff, 0xf7, 0x0,
    0x0, 0xb, 0xcc, 0xce, 0xfc, 0xcc, 0xc6, 0x0,
    0x0, 0x0, 0x0, 0x9, 0xe0, 0x0, 0x0, 0x0,
    0x0, 0x0, 0x0, 0xae, 0xfb, 0x20, 0x0, 0x0,
    0x1f, 0xff, 0xff, 0xff, 0xff, 0xff, 0xff, 0xfd,
    0x18, 0x88, 0x88, 0xff, 0xff, 0xa8, 0x88, 0x86,
    0x0, 0x0, 0x0, 0x24, 0x43, 0x0, 0x0, 0x0,

    /* U+F0012 "󰀒" */
    0x0, 0x0, 0x0, 0x1, 0x0, 0x0, 0x0, 0x0,
    0x0, 0x2, 0xcf, 0xf9, 0x0, 0x0, 0x7, 0x30,
    0xc, 0xff, 0xff, 0x60, 0x0, 0xb, 0xf3, 0xd,
    0xff, 0xff, 0xb0, 0x0, 0x0, 0xbf, 0x31, 0xdf,
    0xff, 0xb0, 0x0, 0x0, 0xb, 0xf3, 0x1d, 0xff,
    0x40, 0x0, 0x0, 0x0, 0xbf, 0x31, 0xa4, 0x0,
    0x0, 0x0, 0x0, 0xb, 0xf3, 0x0, 0x0, 0x0,
    0x0, 0x0, 0x16, 0xff, 0x30, 0x20, 0x0, 0x0,
    0x1a, 0xff, 0xff, 0xf3, 0x1c, 0x70, 0x0, 0xdf,
    0xff, 0xff, 0xff, 0x31, 0xd8, 0x2, 0xff, 0xff,
    0xff, 0xff, 0xf3, 0x1a, 0x2, 0xdd, 0xdd, 0xdd,
    0xdd, 0xef, 0x30, 0x0, 0x0, 0x0, 0x0, 0x0,
    0xb, 0xf3, 0x0, 0x0, 0x0, 0x0, 0x0, 0x0,
    0xb7, 0x0, 0x0, 0x0, 0x0, 0x0, 0x0, 0x0,

    /* U+F0013 "󰀓" */
    0x0, 0x0, 0x0, 0x10, 0x0, 0x0, 0x0, 0x0,
    0x9, 0xff, 0xb1, 0x0, 0x0, 0x0, 0x8, 0xf8,
    0x7f, 0xb0, 0x0, 0x0, 0x0, 0xda, 0x0, 0x7f,
    0x0, 0x0, 0x0, 0xc, 0xc0, 0x9, 0xf0, 0x0,
    0x0, 0x0, 0x4f, 0xdc, 0xf7, 0x0, 0x0, 0x0,
    0x0, 0x4a, 0xb6, 0x0, 0x0, 0x0, 0x0, 0x15,
    0x77, 0x52, 0x0, 0x0, 0x4, 0xcf, 0xff, 0xff,
    0xfd, 0x60, 0x7, 0xfd, 0x61, 0x0, 0x15, 0xbf,
    0xa0, 0xeb, 0x0, 0x0, 0x0, 0x0, 0x7f, 0x1e,
    0xc7, 0x77, 0x77, 0x77, 0x7a, 0xf1, 0xef, 0xff,
    0xff, 0xff, 0xff, 0xff, 0x10,

    /* U+F0014 "󰀔" */
    0x0, 0x0, 0x0, 0x0, 0x0, 0x0, 0x0, 0x0,
    0x0, 0x0, 0x0, 0x0, 0x0, 0x6, 0xef, 0xb1,
    0x0, 0x0, 0x0, 0x0, 0x0, 0x0, 0x5f, 0xff,
    0xfc, 0x0, 0x0, 0x0, 0xa, 0x80, 0x0, 0xaf,
    0xff, 0xff, 0x20, 0x0, 0x0, 0xd, 0xa0, 0x0,
    0xaf, 0xff, 0xff, 0x10, 0x0, 0x8, 0x8e, 0xd8,
    0x80, 0x4f, 0xff, 0xfb, 0x0, 0x0, 0x1f, 0xff,
    0xff, 0xe0, 0x5, 0xce, 0xa1, 0x0, 0x0, 0x0,
    0xd, 0xa0, 0x0, 0x0, 0x0, 0x0, 0x0, 0x0,
    0x0, 0xd, 0xa0, 0x0, 0x15, 0x78, 0x74, 0x0,
    0x0, 0x0, 0x2, 0x20, 0x3b, 0xff, 0xff, 0xff,
    0xf8, 0x10, 0x0, 0x0, 0x3, 0xff, 0xff, 0xff,
    0xff, 0xff, 0xd0, 0x0, 0x0, 0x9, 0xff, 0xff,
    0xff, 0xff, 0xff, 0xf3, 0x0, 0x0, 0x9, 0xff,
    0xff, 0xff, 0xff, 0xff, 0xf4,

    /* U+F0015 "󰀕" */
    0x0, 0x0, 0x0, 0x0, 0x0, 0x1, 0x0, 0x0,
    0x0, 0x0, 0x0, 0x0, 0x0, 0xa, 0xff, 0xb1,
    0x0, 0x0, 0x0, 0x0, 0x0, 0x0, 0x8f, 0xff,
    0xfb, 0x0, 0x0, 0x2, 0x20, 0x3, 0x0, 0xdf,
    0xff, 0xff, 0x0, 0x0, 0xc, 0xe3, 0xce, 0x0,
    0xcf, 0xff, 0xff, 0x0, 0x0, 0x2, 0xef, 0xf4,
    0x0, 0x5f, 0xff, 0xf8, 0x0, 0x0, 0x0, 0xcf,
    0xe2, 0x0, 0x5, 0xbc, 0x70, 0x0, 0x0, 0xc,
    0xf7, 0xed, 0x0, 0x0, 0x0, 0x0, 0x0, 0x0,
    0x5, 0x50, 0x37, 0x0, 0x26, 0x88, 0x63, 0x0,
    0x0, 0x0, 0x0, 0x0, 0x5d, 0xff, 0xff, 0xff,
    0xe7, 0x0, 0x0, 0x0, 0x8, 0xff, 0xff, 0xff,
    0xff, 0xff, 0xb0, 0x0, 0x0, 0xe, 0xff, 0xff,
    0xff, 0xff, 0xff, 0xf1, 0x0, 0x0, 0xe, 0xff,
    0xff, 0xff, 0xff, 0xff, 0xf1,

    /* U+F0016 "󰀖" */
    0x0, 0x0, 0x3, 0x75, 0x0, 0x0, 0x0, 0x0,
    0x0, 0x0, 0x7f, 0xff, 0xc0, 0x0, 0x0, 0x0,
    0x0, 0x2, 0xff, 0xff, 0xf7, 0x0, 0x0, 0x0,
    0x0, 0x4, 0xff, 0xff, 0xfa, 0x0, 0x0, 0x0,
    0x0, 0x1, 0xff, 0xff, 0xf7, 0x0, 0x0, 0x0,
    0x0, 0x0, 0x7f, 0xff, 0x90, 0x0, 0x0, 0x0,
    0x0, 0x0, 0x3, 0x74, 0x3, 0x65, 0x10, 0x0,
    0x0, 0x0, 0x0, 0x0, 0x8f, 0xff, 0xe3, 0x0,
    0x0, 0x28, 0xce, 0x23, 0xf9, 0x12, 0xdd, 0x0,
    0x7, 0xff, 0xff, 0x7, 0xf0, 0x0, 0x6f, 0x10,
    0x3f, 0xff, 0xff, 0x6, 0xf1, 0x0, 0x8f, 0x10,
    0x5f, 0xff, 0xff, 0x41, 0xed, 0x78, 0xfd, 0x0,
    0x26, 0x66, 0x66, 0x30, 0x3d, 0xff, 0xcf, 0x90,
    0x0, 0x0, 0x0, 0x0, 0x0, 0x10, 0x8, 0xf9,
    0x0, 0x0, 0x0, 0x0, 0x0, 0x0, 0x0, 0x85,

    /* U+F0017 "󰀗" */
    0x0, 0x0, 0x0, 0x0, 0x0, 0x1, 0x0, 0x0,
    0x0, 0x0, 0x0, 0x0, 0x0, 0x9, 0xff, 0xc2,
    0x0, 0x0, 0x0, 0x0, 0x0, 0x0, 0x7f, 0xff,
    0xfc, 0x0, 0x0, 0x0, 0x3, 0x0, 0x0, 0xbf,
    0xff, 0xff, 0x10, 0x0, 0x0, 0xd, 0x30, 0x0,
    0xbf, 0xff, 0xff, 0x0, 0x0, 0x9, 0xbf, 0xda,
    0x30, 0x4f, 0xff, 0xf9, 0x0, 0x0, 0x3, 0xef,
    0xf6, 0x0, 0x4, 0xbc, 0x70, 0x0, 0x0, 0x0,
    0xdf, 0xf2, 0x0, 0x0, 0x0, 0x0, 0x0, 0x0,
    0x1, 0x91, 0x65, 0x0, 0x25, 0x78, 0x63, 0x0,
    0x0, 0x0, 0x0, 0x0, 0x4c, 0xff, 0xff, 0xff,
    0xe8, 0x0, 0x0, 0x0, 0x7, 0xff, 0xff, 0xff,
    0xff, 0xff, 0xc0, 0x0, 0x0, 0xd, 0xff, 0xff,
    0xff, 0xff, 0xff, 0xf2, 0x0, 0x0, 0xc, 0xff,
    0xff, 0xff, 0xff, 0xff, 0xf2,

    /* U+F0018 "󰀘" */
    0x0, 0x0, 0x0, 0x4, 0x77, 0x52, 0x0, 0x0,
    0x0, 0x0, 0x0, 0x0, 0x8f, 0xff, 0xff, 0xc3,
    0x0, 0x0, 0x0, 0x4e, 0xc1, 0x3, 0x11, 0x38,
    0xef, 0x70, 0x0, 0x0, 0x9f, 0xf4, 0x0, 0x0,
    0x0, 0x1b, 0xf6, 0x0, 0x0, 0x3e, 0xc0, 0x0,
    0x0, 0x0, 0x0, 0xbf, 0x30, 0x0, 0x0, 0x0,
    0x9, 0xef, 0xb2, 0x0, 0x1f, 0xb0, 0xb, 0x60,
    0x0, 0xcf, 0xff, 0xff, 0x20, 0x8, 0xf1, 0xf,
    0x80, 0x5, 0xff, 0xff, 0xff, 0xa0, 0x4, 0xf4,
    0x1f, 0x60, 0x9, 0xff, 0xff, 0xff, 0xd0, 0x2,
    0xf6, 0x1f, 0x70, 0x8, 0xff, 0xff, 0xff, 0xc0,
    0x3, 0xf5, 0xe, 0xa0, 0x2, 0xff, 0xff, 0xff,
    0x60, 0x5, 0xf3, 0xa, 0xf1, 0x0, 0x6f, 0xff,
    0xfa, 0x0, 0xc, 0xe0, 0x3, 0xf9, 0x0, 0x1,
    0x67, 0x30, 0x0, 0x4f, 0x80, 0x0, 0x9f, 0x60,
    0x0, 0x0, 0x0, 0x3, 0xed, 0x0, 0x0, 0xb,
    0xf9, 0x10, 0x0, 0x0, 0x6f, 0xe2, 0x0, 0x0,
    0x0, 0x8f, 0xfb, 0x98, 0xae, 0xfb, 0x10, 0x0,
    0x0, 0x0, 0x2, 0x9d, 0xff, 0xea, 0x40, 0x0,
    0x0, 0x0, 0x0, 0x0, 0x0, 0x0, 0x0, 0x0,
    0x0, 0x0,

    /* U+F0019 "󰀙" */
    0x0, 0x0, 0x47, 0x20, 0x0, 0x47, 0x20, 0x0,
    0x0, 0x6, 0xff, 0xf3, 0x6, 0xff, 0xf3, 0x0,
    0x0, 0xd, 0xff, 0xf9, 0xd, 0xff, 0xf9, 0x0,
    0x0, 0xb, 0xff, 0xf7, 0xb, 0xff, 0xf7, 0x0,
    0x0, 0x2, 0xcf, 0xa0, 0x2, 0xcf, 0xa0, 0x0,
    0x0, 0x0, 0x0, 0x0, 0x0, 0x0, 0x0, 0x0,
    0x0, 0x3, 0x67, 0x62, 0x0, 0x57, 0x62, 0x0,
    0x2, 0xcf, 0xff, 0xff, 0xb0, 0x4f, 0xff, 0xb0,
    0xd, 0xff, 0xff, 0xff, 0xf8, 0xc, 0xff, 0xf9,
    0x1f, 0xff, 0xff, 0xff, 0xfd, 0x9, 0xff, 0xfe,
    0x2f, 0xff, 0xff, 0xff, 0xfe, 0x9, 0xff, 0xfe,
    0x0, 0x0, 0x0, 0x0, 0x0, 0x0, 0x0, 0x0,
    0x0, 0x0, 0x1, 0x0, 0x0, 0x10, 0x0, 0x0,
    0x0, 0x0, 0x1c, 0x10, 0x0, 0x5a, 0x0, 0x0,
    0x0, 0x0, 0xcf, 0xff, 0xff, 0xff, 0x90, 0x0,
    0x0, 0x0, 0x6f, 0x98, 0x88, 0xaf, 0x30, 0x0,
    0x0, 0x0, 0x6, 0x10, 0x0, 0x43, 0x0, 0x0,
    0x0, 0x0, 0x0, 0x0, 0x0, 0x0, 0x0, 0x0,

    /* U+F001A "󰀚" */
    0x0, 0x0, 0x2, 0x68, 0x97, 0x30, 0x0, 0x0,
    0x0, 0x1, 0xaf, 0xff, 0xef, 0xfc, 0x30, 0x0,
    0x0, 0x2e, 0xf8, 0x10, 0x0, 0x6d, 0xf5, 0x0,
    0x1, 0xee, 0x20, 0x0, 0x0, 0x1, 0xbf, 0x30,
    0x8, 0xf3, 0x0, 0x0, 0x0, 0x0, 0xd, 0xc0,
    0xe, 0xa0, 0x0, 0x3, 0x40, 0x0, 0x5, 0xf3,
    0x3f, 0x40, 0x0, 0x9f, 0xfd, 0x0, 0x0, 0xf7,
    0x4f, 0x20, 0x0, 0xff, 0xff, 0x50, 0x0, 0xe9,
    0x4f, 0x30, 0x0, 0xef, 0xff, 0x30, 0x0, 0xe8,
    0x1f, 0x60, 0x0, 0x4d, 0xe7, 0x0, 0x2, 0xf6,
    0xd, 0xd0, 0x0, 0x0, 0x0, 0x0, 0x8, 0xf1,
    0x5, 0xf7, 0x0, 0x0, 0x0, 0x0, 0x3f, 0x90,
    0x0, 0xaf, 0x80, 0x0, 0x0, 0x5, 0xfd, 0x10,
    0x0, 0x9, 0xfe, 0x85, 0x46, 0xcf, 0xc1, 0x0,
    0x0, 0x0, 0x4b, 0xff, 0xff, 0xd6, 0x0, 0x0,
    0x0, 0x0, 0x0, 0x2, 0x31, 0x0, 0x0, 0x0,

    /* U+F001B "󰀛" */
    0x0, 0x0, 0x0, 0x0, 0x0, 0x0, 0x0, 0x0,
    0x1b, 0xf9, 0x0, 0x1d, 0xe3, 0x0, 0x0, 0xcf,
    0xff, 0x80, 0x5f, 0xff, 0x10, 0x0, 0xff, 0xff,
    0xe0, 0x6f, 0xff, 0x40, 0x0, 0x5b, 0xcf, 0xf9,
    0xdf, 0xfe, 0x10, 0x0, 0x0, 0x9, 0xff, 0xff,
    0xc2, 0x0, 0x0, 0x2, 0x9e, 0xff, 0xe1, 0x0,
    0x0, 0x0, 0x6f, 0xff, 0xff, 0xe6, 0x31, 0x0,
    0x0, 0xff, 0xfc, 0xc, 0xff, 0xff, 0x20, 0x0,
    0xef, 0xf9, 0x7, 0xff, 0xff, 0x30, 0x0, 0x5f,
    0xf7, 0x0, 0xcf, 0xf9, 0x0, 0x0, 0x3, 0x60,
    0x0, 0x5, 0x40, 0x0, 0x0, 0x0, 0x0, 0x0,
    0x0, 0x0, 0x0, 0x3e, 0xff, 0x80, 0x6, 0xf2,
    0x8f, 0xfd, 0x9f, 0x7c, 0xe0, 0xc, 0xb0, 0xec,
    0x76, 0x9f, 0x3b, 0xe0, 0x2f, 0x50, 0xe9, 0x0,
    0x9f, 0xff, 0xe0, 0x8e, 0x0, 0xe9, 0x0, 0x9e,
    0x9, 0xe0, 0xe9, 0x0, 0xdf, 0xfc, 0x58, 0x5,
    0x82, 0x92, 0x0, 0x28, 0x97,

    /* U+F001C "󰀜" */
    0x0, 0x0, 0x26, 0x74, 0x0, 0x0, 0x0, 0x4,
    0x3d, 0xff, 0xf3, 0x70, 0x0, 0x8, 0xf4, 0xff,
    0xff, 0x8b, 0xb0, 0x4, 0xfb, 0x8f, 0xff, 0xfc,
    0x7f, 0x80, 0xaf, 0x8b, 0xff, 0xff, 0xf4, 0xff,
    0xd, 0xf6, 0xcf, 0xff, 0xff, 0x3f, 0xf1, 0xdf,
    0x6d, 0xff, 0xff, 0xf3, 0xff, 0x1a, 0xf6, 0xcf,
    0xff, 0xff, 0x3f, 0xe0, 0x6f, 0x8b, 0xff, 0xff,
    0xf3, 0xfa, 0x0, 0xfa, 0x9f, 0xff, 0xfd, 0x5f,
    0x40, 0x7, 0xd6, 0xff, 0xff, 0xa8, 0xc0, 0x0,
    0xc, 0x4f, 0xff, 0xf7, 0xb2, 0x0, 0x0, 0x2,
    0xdf, 0xff, 0x32, 0x0, 0x0, 0x0, 0x0, 0x44,
    0x10, 0x0, 0x0, 0x0, 0x1, 0xff, 0xff, 0x60,
    0x0, 0x0, 0x0, 0x1f, 0xff, 0xf5, 0x0, 0x0,
    0x0, 0x0, 0xaf, 0xfd, 0x10, 0x0, 0x0,

    /* U+F001D "󰀝" */
    0x0, 0x0, 0x0, 0x0, 0x0, 0x3, 0x91, 0x0,
    0x0, 0x0, 0x0, 0x0, 0x4f, 0xf7, 0xa, 0xd9,
    0x52, 0x0, 0x4, 0xff, 0xe1, 0x7, 0xef, 0xff,
    0xea, 0x8f, 0xfe, 0x20, 0x0, 0x8, 0xff, 0xff,
    0xff, 0xe2, 0x0, 0x0, 0x0, 0x19, 0xff, 0xff,
    0x60, 0x0, 0x0, 0x0, 0x3, 0xff, 0xff, 0x90,
    0x0, 0x0, 0x0, 0x3f, 0xfe, 0xff, 0xd0, 0x0,
    0x3, 0x34, 0xff, 0xd1, 0x9f, 0xf1, 0x0, 0xd,
    0xff, 0xfe, 0x20, 0x1f, 0xf4, 0x0, 0x0, 0x6f,
    0xf2, 0x0, 0x8, 0xf8, 0x0, 0x0, 0x7, 0xf2,
    0x0, 0x1, 0xfb, 0x0, 0x0, 0x0, 0xc1, 0x0,
    0x0, 0x87, 0x0, 0x0, 0x0, 0x0, 0x0, 0x0,
    0x0, 0x0,

    /* U+F001E "󰀞" */
    0x0, 0x0, 0x0, 0x0, 0x0, 0x0, 0x0, 0x0,
    0x6, 0xc0, 0x0, 0x0, 0x0, 0x0, 0x0, 0x0,
    0x0, 0x2e, 0xc0, 0x0, 0x0, 0x0, 0x0, 0x9,
    0xa0, 0x0, 0x2e, 0xc0, 0x0, 0x0, 0x0, 0xb,
    0xff, 0x10, 0x0, 0x6f, 0xc0, 0x3, 0x0, 0xb,
    0xff, 0x70, 0x0, 0x0, 0x7f, 0xc0, 0x4f, 0xcc,
    0xff, 0x70, 0x0, 0x0, 0x0, 0x2e, 0xc0, 0x4f,
    0xff, 0x70, 0x0, 0x0, 0x0, 0x0, 0x2e, 0xc0,
    0x4f, 0xf0, 0x0, 0x0, 0x0, 0x0, 0x0, 0x3f,
    0xc0, 0x4f, 0x40, 0x0, 0x0, 0x0, 0x0, 0xb,
    0xff, 0xc0, 0x47, 0x0, 0x0, 0x0, 0x17, 0x5b,
    0xff, 0x8e, 0xc0, 0x10, 0x0, 0x0, 0x3, 0xdf,
    0xff, 0x70, 0x2e, 0xc0, 0x0, 0x0, 0x0, 0x0,
    0x7f, 0xb0, 0x0, 0x2e, 0xc0, 0x0, 0x0, 0x0,
    0x0, 0xbc, 0x0, 0x0, 0x5f, 0xc0, 0x0, 0x0,
    0x0, 0x2, 0x80, 0x0, 0x0, 0xae, 0xc0, 0x0,
    0x0, 0x0, 0x0, 0x0, 0x0, 0x0, 0x2e, 0xb0,
    0x0, 0x0, 0x0, 0x0, 0x0, 0x0, 0x0, 0x23,
    0x0,

    /* U+F001F "󰀟" */
    0x2, 0x77, 0x77, 0x77, 0x77, 0x77, 0x77, 0x77,
    0x40, 0xe, 0xff, 0xff, 0xff, 0xff, 0xff, 0xff,
    0xff, 0xf4, 0x1f, 0x70, 0x0, 0x0, 0x0, 0x0,
    0x0, 0x1, 0xf7, 0x1f, 0x60, 0x0, 0x0, 0x0,
    0x0, 0x0, 0x0, 0xf7, 0x1f, 0x60, 0x0, 0x0,
    0x0, 0x0, 0x0, 0x0, 0xf7, 0x1f, 0x60, 0x0,
    0x0, 0x0, 0x0, 0x0, 0x0, 0xf7, 0x1f, 0x60,
    0x0, 0x0, 0x0, 0x0, 0x0, 0x0, 0xf7, 0x1f,
    0x60, 0x0, 0x0, 0x0, 0x0, 0x0, 0x0, 0xf7,
    0x1f, 0x60, 0x0, 0x0, 0x0, 0x0, 0x0, 0x0,
    0xf7, 0x1f, 0x60, 0x0, 0x0, 0x0, 0x0, 0x0,
    0x0, 0xf7, 0x1f, 0x60, 0x0, 0x0, 0x26, 0x0,
    0x0, 0x0, 0xf7, 0xe, 0xff, 0xf6, 0x2, 0xef,
    0x60, 0xf, 0xff, 0xf5, 0x2, 0x78, 0x83, 0x2e,
    0xff, 0xf6, 0x8, 0x88, 0x50, 0x0, 0x0, 0x2,
    0xef, 0xff, 0xff, 0x60, 0x0, 0x0, 0x0, 0x0,
    0xa, 0xcc, 0xcc, 0xcc, 0xc3, 0x0, 0x0,

    /* U+F002A "󰀪" */
    0x0, 0x0, 0x0, 0x0, 0x0, 0x0, 0x0, 0x0,
    0x0, 0x0, 0x0, 0x0, 0x0, 0x4a, 0x0, 0x0,
    0x0, 0x0, 0x0, 0x0, 0x0, 0x0, 0xdf, 0x30,
    0x0, 0x0, 0x0, 0x0, 0x0, 0x0, 0x6, 0xff,
    0xc0, 0x0, 0x0, 0x0, 0x0, 0x0, 0x0, 0x1e,
    0xb5, 0xf6, 0x0, 0x0, 0x0, 0x0, 0x0, 0x0,
    0x9f, 0x20, 0xce, 0x0, 0x0, 0x0, 0x0, 0x0,
    0x2, 0xf8, 0x12, 0x3f, 0x80, 0x0, 0x0, 0x0,
    0x0, 0xb, 0xe1, 0x8e, 0x9, 0xf2, 0x0, 0x0,
    0x0, 0x0, 0x5f, 0x60, 0x8e, 0x1, 0xfb, 0x0,
    0x0, 0x0, 0x0, 0xec, 0x0, 0x7c, 0x0, 0x7f,
    0x40, 0x0, 0x0, 0x7, 0xf3, 0x0, 0x0, 0x0,
    0xd, 0xd0, 0x0, 0x0, 0x1f, 0xa0, 0x0, 0x6a,
    0x0, 0x4, 0xf7, 0x0, 0x0, 0xaf, 0x10, 0x0,
    0x6a, 0x0, 0x0, 0xbf, 0x10, 0x3, 0xfd, 0x88,
    0x88, 0x88, 0x88, 0x88, 0xaf, 0x90, 0xc, 0xff,
    0xff, 0xff, 0xff, 0xff, 0xff, 0xff, 0xf2,

    /* U+F003B "󰀻" */
    0x0, 0x0, 0x0, 0x0, 0x0, 0x0, 0xe, 0xff,
    0x13, 0xff, 0xd0, 0x7f, 0xf8, 0xef, 0xf1, 0x3f,
    0xfd, 0x7, 0xff, 0x8e, 0xff, 0x13, 0xff, 0xc0,
    0x7f, 0xf8, 0x0, 0x0, 0x0, 0x0, 0x0, 0x0,
    0xe, 0xff, 0x13, 0xff, 0xc0, 0x7f, 0xf8, 0xef,
    0xf1, 0x3f, 0xfd, 0x7, 0xff, 0x8e, 0xff, 0x13,
    0xff, 0xd0, 0x7f, 0xf8, 0x0, 0x0, 0x0, 0x0,
    0x0, 0x0, 0x0, 0x0, 0x0, 0x0, 0x0, 0x0,
    0x0, 0xef, 0xf1, 0x3f, 0xfd, 0x7, 0xff, 0x8e,
    0xff, 0x13, 0xff, 0xd0, 0x7f, 0xf8, 0xef, 0xf1,
    0x3f, 0xfc, 0x7, 0xff, 0x80,

    /* U+F0064 "󰁤" */
    0x0, 0x0, 0x0, 0x0, 0x0, 0x0, 0x0, 0x3e,
    0xff, 0xff, 0xff, 0xff, 0xff, 0xf7, 0x8f, 0xff,
    0xff, 0xff, 0xff, 0xff, 0xfe, 0x9f, 0xff, 0xff,
    0xfc, 0xff, 0xff, 0xfe, 0x9f, 0xff, 0xff, 0x93,
    0xff, 0xff, 0xfe, 0x9f, 0xff, 0xff, 0x20, 0xcf,
    0xff, 0xfe, 0x9f, 0xff, 0xd6, 0x0, 0x2b, 0xff,
    0xfe, 0x9f, 0xf5, 0x0, 0x0, 0x0, 0x2c, 0xfe,
    0x9f, 0xfe, 0x70, 0x0, 0x4, 0xcf, 0xfe, 0x9f,
    0xff, 0xfe, 0x0, 0x9f, 0xff, 0xfe, 0x9f, 0xff,
    0xff, 0x61, 0xff, 0xff, 0xfe, 0x9f, 0xff, 0xff,
    0xd8, 0xff, 0xff, 0xfe, 0x9f, 0xff, 0xff, 0xff,
    0xff, 0xff, 0xfe, 0x6f, 0xff, 0xff, 0xff, 0xff,
    0xff, 0xfc, 0x5, 0x77, 0x7e, 0xff, 0xf8, 0x77,
    0x61, 0x0, 0x0, 0x2, 0xef, 0x60, 0x0, 0x0,
    0x0, 0x0, 0x0, 0x25, 0x0, 0x0, 0x0,

    /* U+F006F "󰁯" */
    0x0, 0x0, 0x0, 0x5b, 0xef, 0xd8, 0x20, 0x0,
    0x0, 0x0, 0x1, 0xcf, 0xd9, 0x8b, 0xff, 0x60,
    0x0, 0x0, 0x1, 0xde, 0x50, 0x0, 0x1, 0xaf,
    0x60, 0x0, 0x0, 0xaf, 0x30, 0x0, 0x0, 0x0,
    0xaf, 0x20, 0x0, 0x1f, 0x80, 0x0, 0x0, 0x0,
    0x1, 0xf9, 0x0, 0x5, 0xf3, 0x0, 0x9, 0xc3,
    0x0, 0xa, 0xd0, 0x35, 0xaf, 0x65, 0x3, 0xff,
    0xb0, 0x0, 0x8f, 0x1, 0xdf, 0xff, 0x60, 0xd,
    0xf7, 0x0, 0x9, 0xe0, 0x1, 0xdf, 0x60, 0x0,
    0x1, 0x0, 0x0, 0xdc, 0x0, 0x1, 0x50, 0x0,
    0x0, 0x0, 0x0, 0x4f, 0x50, 0x0, 0x0, 0x0,
    0x0, 0x0, 0x0, 0x3e, 0xc0, 0x0, 0x0, 0x0,
    0x4c, 0x51, 0x2, 0x8f, 0xd1, 0x0, 0x0, 0x0,
    0x5, 0xef, 0xff, 0xff, 0xa1, 0x0, 0x0, 0x0,
    0x0, 0x0, 0x47, 0x75, 0x10, 0x0, 0x0,

    /* U+F0079 "󰁹" */
    0x0, 0xd, 0xee, 0xe9, 0x0, 0x5, 0x7f, 0xff,
    0xfc, 0x73, 0x1f, 0xff, 0xff, 0xff, 0xfd, 0x2f,
    0xff, 0xff, 0xff, 0xfd, 0x2f, 0xff, 0xff, 0xff,
    0xfd, 0x2f, 0xff, 0xff, 0xff, 0xfd, 0x2f, 0xff,
    0xff, 0xff, 0xfd, 0x2f, 0xff, 0xff, 0xff, 0xfd,
    0x2f, 0xff, 0xff, 0xff, 0xfd, 0x2f, 0xff, 0xff,
    0xff, 0xfd, 0x2f, 0xff, 0xff, 0xff, 0xfd, 0x2f,
    0xff, 0xff, 0xff, 0xfd, 0x2f, 0xff, 0xff, 0xff,
    0xfd, 0x2f, 0xff, 0xff, 0xff, 0xfd, 0xe, 0xff,
    0xff, 0xff, 0xfa, 0x0, 0x0, 0x0, 0x0, 0x0,

    /* U+F0083 "󰂃" */
    0x0, 0x7, 0x88, 0x85, 0x0, 0x4, 0x7e, 0xff,
    0xfc, 0x72, 0x1f, 0xff, 0xff, 0xff, 0xfb, 0x1f,
    0xff, 0xff, 0xff, 0xfc, 0x1f, 0xff, 0xff, 0xff,
    0xfc, 0x1f, 0xff, 0xa0, 0xef, 0xfc, 0x1f, 0xff,
    0xa0, 0xef, 0xfc, 0x1f, 0xff, 0xa0, 0xef, 0xfc,
    0x1f, 0xff, 0xa0, 0xef, 0xfc, 0x1f, 0xff, 0xd8,
    0xff, 0xfc, 0x1f, 0xff, 0xff, 0xff, 0xfc, 0x1f,
    0xff, 0xa0, 0xef, 0xfc, 0x1f, 0xff, 0xfe, 0xff,
    0xfc, 0x1f, 0xff, 0xff, 0xff, 0xfc, 0xe, 0xff,
    0xff, 0xff, 0xf9, 0x0, 0x0, 0x0, 0x0, 0x0,

    /* U+F0084 "󰂄" */
    0x0, 0xb, 0xdd, 0xd7, 0x0, 0x5, 0x7f, 0xff,
    0xfc, 0x72, 0x1f, 0xff, 0xff, 0xff, 0xfc, 0x2f,
    0xff, 0xff, 0xff, 0xfd, 0x2f, 0xff, 0xfb, 0xef,
    0xfd, 0x2f, 0xff, 0xf3, 0xef, 0xfd, 0x2f, 0xff,
    0xa0, 0xef, 0xfd, 0x2f, 0xff, 0x20, 0xef, 0xfd,
    0x2f, 0xf9, 0x0, 0xa, 0xfd, 0x2f, 0xfa, 0x50,
    0x3f, 0xfd, 0x2f, 0xff, 0x90, 0xbf, 0xfd, 0x2f,
    0xff, 0x94, 0xff, 0xfd, 0x2f, 0xff, 0xac, 0xff,
    0xfd, 0x2f, 0xff, 0xef, 0xff, 0xfd, 0xe, 0xff,
    0xff, 0xff, 0xfa, 0x0, 0x0, 0x0, 0x0, 0x0,

    /* U+F009E "󰂞" */
    0x0, 0x0, 0x0, 0x0, 0x1, 0x0, 0x0, 0x0,
    0x0, 0x0, 0x1, 0x0, 0x2, 0xef, 0x50, 0x0,
    0x0, 0x0, 0x0, 0x5e, 0x20, 0x9, 0xff, 0xc1,
    0x0, 0xc9, 0x0, 0x1, 0xfc, 0x3, 0xef, 0xff,
    0xff, 0x60, 0x8f, 0x40, 0x8, 0xf2, 0x2f, 0xff,
    0xff, 0xff, 0xf5, 0xd, 0xc0, 0xd, 0xb0, 0xaf,
    0xff, 0xff, 0xff, 0xfe, 0x7, 0xf1, 0xf, 0x80,
    0xff, 0xff, 0xff, 0xff, 0xff, 0x43, 0xf4, 0x8,
    0x31, 0xff, 0xff, 0xff, 0xff, 0xff, 0x51, 0x83,
    0x0, 0x1, 0xff, 0xff, 0xff, 0xff, 0xff, 0x60,
    0x0, 0x0, 0x1, 0xff, 0xff, 0xff, 0xff, 0xff,
    0x60, 0x0, 0x0, 0x1, 0xff, 0xff, 0xff, 0xff,
    0xff, 0x60, 0x0, 0x0, 0x1, 0xff, 0xff, 0xff,
    0xff, 0xff, 0x60, 0x0, 0x0, 0x8, 0xff, 0xff,
    0xff, 0xff, 0xff, 0xc0, 0x0, 0x0, 0x7f, 0xff,
    0xff, 0xff, 0xff, 0xff, 0xfb, 0x0, 0x0, 0x35,
    0x55, 0x55, 0x55, 0x55, 0x55, 0x54, 0x0, 0x0,
    0x0, 0x0, 0x3, 0xff, 0x80, 0x0, 0x0, 0x0,
    0x0, 0x0, 0x0, 0x0, 0x57, 0x0, 0x0, 0x0,
    0x0,

    /* U+F0100 "󰄀" */
    0x0, 0x0, 0x7, 0xff, 0xff, 0xe3, 0x0, 0x0,
    0x6, 0xbb, 0xcf, 0xff, 0xff, 0xff, 0xbb, 0xa2,
    0x1f, 0xff, 0xff, 0xff, 0xff, 0xff, 0xff, 0xfb,
    0x2f, 0xff, 0xff, 0xfd, 0xce, 0xff, 0xff, 0xfc,
    0x2f, 0xff, 0xfe, 0x40, 0x0, 0x7f, 0xff, 0xfc,
    0x2f, 0xff, 0xf3, 0x6, 0x94, 0x8, 0xff, 0xfc,
    0x2f, 0xff, 0xb0, 0x8f, 0xff, 0x41, 0xff, 0xfc,
    0x2f, 0xff, 0xa0, 0xdf, 0xff, 0x80, 0xff, 0xfc,
    0x2f, 0xff, 0xc0, 0xaf, 0xff, 0x62, 0xff, 0xfc,
    0x2f, 0xff, 0xf5, 0x1a, 0xc8, 0xa, 0xff, 0xfc,
    0x2f, 0xff, 0xff, 0x71, 0x2, 0xaf, 0xff, 0xfc,
    0x1f, 0xff, 0xff, 0xff, 0xff, 0xff, 0xff, 0xfc,
    0xd, 0xff, 0xff, 0xff, 0xff, 0xff, 0xff, 0xf8,
    0x1, 0x44, 0x44, 0x44, 0x44, 0x44, 0x44, 0x30,

    /* U+F0101 "󰄁" */
    0x0, 0x0, 0x6, 0xff, 0xff, 0xe2, 0x0, 0x0,
    0x5, 0xbb, 0xbf, 0xff, 0xff, 0xfe, 0xbb, 0xa2,
    0x1f, 0xff, 0xff, 0xff, 0xff, 0xff, 0xff, 0xfb,
    0x1f, 0xff, 0xff, 0xfe, 0xcf, 0xff, 0xff, 0xfc,
    0x1f, 0xff, 0xfe, 0x50, 0x20, 0x7f, 0xff, 0xfc,
    0x1f, 0xff, 0xf4, 0x2, 0xc0, 0x8, 0xff, 0xfc,
    0x1f, 0xff, 0xb0, 0x1b, 0xf7, 0x1, 0xff, 0xfc,
    0x1f, 0xff, 0x92, 0xef, 0xff, 0xb0, 0xff, 0xfc,
    0x1f, 0xff, 0xc0, 0x9, 0xf4, 0x2, 0xff, 0xfc,
    0x1f, 0xff, 0xf5, 0x1, 0xb0, 0xa, 0xff, 0xfc,
    0x1f, 0xff, 0xff, 0x71, 0x12, 0xaf, 0xff, 0xfc,
    0x1f, 0xff, 0xff, 0xff, 0xff, 0xff, 0xff, 0xfc,
    0xd, 0xff, 0xff, 0xff, 0xff, 0xff, 0xff, 0xf8,
    0x1, 0x44, 0x44, 0x44, 0x44, 0x44, 0x44, 0x30,

    /* U+F0104 "󰄄" */
    0x0, 0x0, 0x6, 0xbe, 0xe8, 0x12, 0x0, 0x0,
    0x0, 0x3, 0xef, 0xff, 0xf2, 0xaf, 0x90, 0x0,
    0x0, 0x21, 0xff, 0xff, 0x83, 0xff, 0xfb, 0x0,
    0x1, 0xe4, 0x7f, 0xfe, 0x1c, 0xff, 0xff, 0x80,
    0x8, 0xfd, 0xd, 0xf6, 0x6f, 0xff, 0xff, 0xf1,
    0xe, 0xff, 0x65, 0xd0, 0x34, 0x44, 0x44, 0x41,
    0x2f, 0xff, 0xe1, 0x20, 0x0, 0xbe, 0xee, 0xe9,
    0x3f, 0xff, 0xf8, 0x0, 0x0, 0x3f, 0xff, 0xfb,
    0x2f, 0xff, 0xff, 0x20, 0x0, 0xa, 0xff, 0xfa,
    0x3, 0x33, 0x33, 0x10, 0x3, 0xa2, 0xff, 0xf7,
    0xb, 0xff, 0xff, 0xff, 0x1c, 0xf3, 0x8f, 0xf2,
    0x3, 0xff, 0xff, 0xf7, 0x5f, 0xfc, 0x1e, 0xb0,
    0x0, 0x8f, 0xff, 0xd0, 0xdf, 0xff, 0x65, 0x10,
    0x0, 0x8, 0xff, 0x57, 0xff, 0xff, 0xc0, 0x0,
    0x0, 0x0, 0x38, 0x1f, 0xff, 0xe7, 0x0, 0x0,
    0x0, 0x0, 0x0, 0x2, 0x32, 0x0, 0x0, 0x0,

    /* U+F012C "󰄬" */
    0x0, 0x0, 0x0, 0x0, 0x0, 0x0, 0x10, 0x0,
    0x0, 0x0, 0x0, 0x0, 0x3, 0xe5, 0x0, 0x0,
    0x0, 0x0, 0x0, 0x3e, 0xd1, 0x0, 0x0, 0x0,
    0x0, 0x3, 0xed, 0x10, 0x0, 0x0, 0x0, 0x0,
    0x3e, 0xd1, 0x0, 0x2, 0x0, 0x0, 0x3, 0xed,
    0x10, 0x0, 0x2f, 0x80, 0x0, 0x3e, 0xd1, 0x0,
    0x0, 0x9, 0xf8, 0x3, 0xed, 0x10, 0x0, 0x0,
    0x0, 0x9f, 0x9e, 0xd1, 0x0, 0x0, 0x0, 0x0,
    0x9, 0xfd, 0x10, 0x0, 0x0, 0x0, 0x0, 0x0,
    0x71, 0x0, 0x0, 0x0, 0x0,

    /* U+F0131 "󰄱" */
    0x3e, 0xff, 0xff, 0xff, 0xff, 0xff, 0xf7, 0x9f,
    0x88, 0x88, 0x88, 0x88, 0x88, 0xce, 0x9e, 0x0,
    0x0, 0x0, 0x0, 0x0, 0x9e, 0x9e, 0x0, 0x0,
    0x0, 0x0, 0x0, 0x9e, 0x9e, 0x0, 0x0, 0x0,
    0x0, 0x0, 0x9e, 0x9e, 0x0, 0x0, 0x0, 0x0,
    0x0, 0x9e, 0x9e, 0x0, 0x0, 0x0, 0x0, 0x0,
    0x9e, 0x9e, 0x0, 0x0, 0x0, 0x0, 0x0, 0x9e,
    0x9e, 0x0, 0x0, 0x0, 0x0, 0x0, 0x9e, 0x9e,
    0x0, 0x0, 0x0, 0x0, 0x0, 0x9e, 0x9e, 0x0,
    0x0, 0x0, 0x0, 0x0, 0x9e, 0x9e, 0x0, 0x0,
    0x0, 0x0, 0x0, 0x9e, 0x7f, 0xff, 0xff, 0xff,
    0xff, 0xff, 0xfc, 0x6, 0x88, 0x88, 0x88, 0x88,
    0x88, 0x71,

    /* U+F0159 "󰅙" */
    0x0, 0x0, 0x4, 0x9c, 0xdb, 0x71, 0x0, 0x0,
    0x0, 0x2, 0xcf, 0xff, 0xff, 0xff, 0x70, 0x0,
    0x0, 0x3e, 0xff, 0xff, 0xff, 0xff, 0xfa, 0x0,
    0x1, 0xdf, 0xff, 0xff, 0xff, 0xff, 0xff, 0x60,
    0x7, 0xff, 0xd2, 0xcf, 0xff, 0x56, 0xff, 0xf0,
    0xe, 0xff, 0xe2, 0xc, 0xf5, 0x8, 0xff, 0xf6,
    0x1f, 0xff, 0xfe, 0x20, 0x40, 0x8f, 0xff, 0xf9,
    0x3f, 0xff, 0xff, 0xe0, 0x6, 0xff, 0xff, 0xfb,
    0x2f, 0xff, 0xff, 0x50, 0x11, 0xcf, 0xff, 0xfa,
    0xf, 0xff, 0xf5, 0x8, 0xe2, 0xc, 0xff, 0xf7,
    0x9, 0xff, 0xb0, 0x8f, 0xfe, 0x24, 0xff, 0xf2,
    0x2, 0xff, 0xfd, 0xff, 0xff, 0xee, 0xff, 0xa0,
    0x0, 0x6f, 0xff, 0xff, 0xff, 0xff, 0xfd, 0x0,
    0x0, 0x6, 0xff, 0xff, 0xff, 0xff, 0xc1, 0x0,
    0x0, 0x0, 0x29, 0xef, 0xff, 0xc5, 0x0, 0x0,
    0x0, 0x0, 0x0, 0x0, 0x10, 0x0, 0x0, 0x0,

    /* U+F015A "󰅚" */
    0x0, 0x0, 0x1, 0x68, 0x97, 0x30, 0x0, 0x0,
    0x0, 0x1, 0xaf, 0xff, 0xef, 0xfc, 0x30, 0x0,
    0x0, 0x2e, 0xf8, 0x10, 0x0, 0x6d, 0xf5, 0x0,
    0x0, 0xde, 0x20, 0x0, 0x0, 0x1, 0xbf, 0x30,
    0x8, 0xf3, 0x0, 0x0, 0x0, 0x0, 0xd, 0xc0,
    0xe, 0xa0, 0x7, 0xc1, 0x9, 0xb0, 0x5, 0xf3,
    0x2f, 0x40, 0x4, 0xfc, 0x9f, 0x80, 0x0, 0xf7,
    0x4f, 0x20, 0x0, 0x4f, 0xf8, 0x0, 0x0, 0xe9,
    0x4f, 0x30, 0x0, 0x9f, 0xfd, 0x10, 0x0, 0xe8,
    0x1f, 0x60, 0x8, 0xf7, 0x3f, 0xc0, 0x2, 0xf6,
    0xc, 0xd0, 0x2, 0x60, 0x3, 0x50, 0x8, 0xf1,
    0x5, 0xf7, 0x0, 0x0, 0x0, 0x0, 0x3f, 0x90,
    0x0, 0x9f, 0x80, 0x0, 0x0, 0x5, 0xfd, 0x0,
    0x0, 0x9, 0xfe, 0x85, 0x46, 0xcf, 0xc1, 0x0,
    0x0, 0x0, 0x4b, 0xff, 0xff, 0xd6, 0x0, 0x0,
    0x0, 0x0, 0x0, 0x2, 0x31, 0x0, 0x0, 0x0,

    /* U+F0167 "󰅧" */
    0x0, 0x0, 0x0, 0x0, 0x0, 0x0, 0x0, 0x0,
    0x0, 0x0, 0x0, 0x0, 0x6, 0xcf, 0xfd, 0x80,
    0x0, 0x0, 0x0, 0x0, 0x0, 0xb, 0xff, 0xff,
    0xff, 0xd1, 0x0, 0x0, 0x0, 0x0, 0x9, 0xff,
    0xff, 0xff, 0xff, 0xc0, 0x0, 0x0, 0x0, 0x8e,
    0xff, 0xff, 0x86, 0xff, 0xff, 0x40, 0x0, 0x0,
    0xcf, 0xff, 0xff, 0x80, 0x5, 0xff, 0xfc, 0x40,
    0x0, 0x7f, 0xff, 0xff, 0x80, 0x0, 0x5, 0xff,
    0xff, 0xc1, 0xc, 0xff, 0xff, 0xc5, 0x20, 0x2,
    0x4a, 0xff, 0xff, 0x90, 0xef, 0xff, 0xff, 0xf8,
    0x0, 0x6f, 0xff, 0xff, 0xff, 0xc, 0xff, 0xff,
    0xff, 0x80, 0x6, 0xff, 0xff, 0xff, 0xf0, 0x6f,
    0xff, 0xff, 0xfb, 0x44, 0x9f, 0xff, 0xff, 0xfc,
    0x0, 0xaf, 0xff, 0xff, 0xff, 0xff, 0xff, 0xff,
    0xff, 0x40, 0x0, 0x6c, 0xef, 0xff, 0xff, 0xff,
    0xff, 0xeb, 0x30, 0x0,

    /* U+F018F "󰆏" */
    0x27, 0x77, 0x77, 0x77, 0x77, 0x30, 0x0, 0xd,
    0xff, 0xff, 0xff, 0xff, 0xf7, 0x0, 0x0, 0xf8,
    0x0, 0x0, 0x0, 0x0, 0x0, 0x0, 0xf, 0x70,
    0x17, 0x77, 0x77, 0x77, 0x77, 0x40, 0xf7, 0xd,
    0xff, 0xff, 0xff, 0xff, 0xff, 0x4f, 0x70, 0xf8,
    0x0, 0x0, 0x0, 0x1, 0xf6, 0xf7, 0xf, 0x80,
    0x0, 0x0, 0x0, 0x1f, 0x6f, 0x70, 0xf8, 0x0,
    0x0, 0x0, 0x1, 0xf6, 0xf7, 0xf, 0x80, 0x0,
    0x0, 0x0, 0x1f, 0x6f, 0x70, 0xf8, 0x0, 0x0,
    0x0, 0x1, 0xf6, 0xf7, 0xf, 0x80, 0x0, 0x0,
    0x0, 0x1f, 0x6f, 0x70, 0xf8, 0x0, 0x0, 0x0,
    0x1, 0xf6, 0x84, 0xf, 0x80, 0x0, 0x0, 0x0,
    0x1f, 0x60, 0x0, 0xf8, 0x0, 0x0, 0x0, 0x1,
    0xf6, 0x0, 0xf, 0x80, 0x0, 0x0, 0x0, 0x1f,
    0x60, 0x0, 0xfc, 0x77, 0x77, 0x77, 0x78, 0xf6,
    0x0, 0x8, 0xff, 0xff, 0xff, 0xff, 0xfd, 0x10,
    0x0, 0x0, 0x0, 0x0, 0x0, 0x0, 0x0,

    /* U+F01B4 "󰆴" */
    0x3, 0x35, 0xff, 0xff, 0x83, 0x31, 0x1f, 0xff,
    0xff, 0xff, 0xff, 0xf5, 0x4, 0x44, 0x44, 0x44,
    0x44, 0x41, 0x5, 0xff, 0xff, 0xff, 0xff, 0xa0,
    0x5, 0xff, 0xff, 0xff, 0xff, 0xa0, 0x5, 0xff,
    0xff, 0xff, 0xff, 0xa0, 0x5, 0xff, 0xff, 0xff,
    0xff, 0xa0, 0x5, 0xff, 0xff, 0xff, 0xff, 0xa0,
    0x5, 0xff, 0xff, 0xff, 0xff, 0xa0, 0x5, 0xff,
    0xff, 0xff, 0xff, 0xa0, 0x5, 0xff, 0xff, 0xff,
    0xff, 0xa0, 0x5, 0xff, 0xff, 0xff, 0xff, 0xa0,
    0x3, 0xff, 0xff, 0xff, 0xff, 0x80, 0x0, 0x58,
    0x88, 0x88, 0x86, 0x0,

    /* U+F01D6 "󰇖" */
    0x6f, 0xff, 0xff, 0xff, 0xff, 0xff, 0xfb, 0x9f,
    0xd9, 0xef, 0xff, 0xff, 0xff, 0xfe, 0x9f, 0x10,
    0x3f, 0xff, 0xff, 0xff, 0xfe, 0x9f, 0x10, 0x3f,
    0xff, 0xff, 0xff, 0xfe, 0x9f, 0xd8, 0xef, 0xff,
    0xff, 0xff, 0xfe, 0x7f, 0xff, 0xff, 0xff, 0xff,
    0xff, 0xfc, 0x0, 0x0, 0x0, 0x0, 0x0, 0x0,
    0x0, 0x27, 0x77, 0x77, 0x77, 0x77, 0x77, 0x74,
    0x9f, 0xff, 0xff, 0xff, 0xff, 0xff, 0xfe, 0x9f,
    0x61, 0x8f, 0xff, 0xff, 0xff, 0xfe, 0x9f, 0x0,
    0x2f, 0xff, 0xff, 0xff, 0xfe, 0x9f, 0x60, 0x8f,
    0xff, 0xff, 0xff, 0xfe, 0x9f, 0xff, 0xff, 0xff,
    0xff, 0xff, 0xfe, 0x28, 0x88, 0x88, 0x88, 0x88,
    0x88, 0x85,

    /* U+F01DA "󰇚" */
    0x0, 0x1, 0xbb, 0xbb, 0x40, 0x0, 0x0, 0x1,
    0xff, 0xff, 0x60, 0x0, 0x0, 0x1, 0xff, 0xff,
    0x60, 0x0, 0x0, 0x1, 0xff, 0xff, 0x60, 0x0,
    0x3, 0x34, 0xff, 0xff, 0x83, 0x30, 0x6, 0xff,
    0xff, 0xff, 0xff, 0xa0, 0x0, 0x6f, 0xff, 0xff,
    0xfa, 0x0, 0x0, 0x6, 0xff, 0xff, 0xa0, 0x0,
    0x0, 0x0, 0x6f, 0xfa, 0x0, 0x0, 0x0, 0x0,
    0x6, 0xa0, 0x0, 0x0, 0x0, 0x0, 0x0, 0x0,
    0x0, 0x0, 0x7, 0x77, 0x77, 0x77, 0x77, 0x72,
    0x1f, 0xff, 0xff, 0xff, 0xff, 0xf5, 0x0, 0x0,
    0x0, 0x0, 0x0, 0x0,

    /* U+F0200 "󰈀" */
    0x1, 0x44, 0x44, 0x44, 0x44, 0x44, 0x44, 0x30,
    0x1e, 0xff, 0xff, 0xff, 0xff, 0xff, 0xff, 0xf7,
    0x4f, 0xff, 0xff, 0xff, 0xff, 0xff, 0xff, 0xfd,
    0x5f, 0xff, 0xfe, 0x0, 0x0, 0x9f, 0xff, 0xfd,
    0x5f, 0xff, 0xfe, 0x0, 0x0, 0x9f, 0xff, 0xfd,
    0x5f, 0xf3, 0x32, 0x0, 0x0, 0x13, 0x38, 0xfd,
    0x5f, 0xe0, 0x0, 0x0, 0x0, 0x0, 0x6, 0xfd,
    0x5f, 0xe0, 0x0, 0x0, 0x0, 0x0, 0x6, 0xfd,
    0x5f, 0xe0, 0x0, 0x0, 0x0, 0x0, 0x6, 0xfd,
    0x5f, 0xe0, 0x24, 0x2, 0x40, 0x24, 0x6, 0xfd,
    0x5f, 0xe0, 0x9e, 0x8, 0xe0, 0x9e, 0x6, 0xfd,
    0x5f, 0xe0, 0x9e, 0x9, 0xe0, 0x9e, 0x6, 0xfd,
    0x5f, 0xff, 0xff, 0xff, 0xff, 0xff, 0xff, 0xfd,
    0x4f, 0xff, 0xff, 0xff, 0xff, 0xff, 0xff, 0xfc,
    0x9, 0xef, 0xff, 0xff, 0xff, 0xff, 0xff, 0xd4,

    /* U+F0205 "󰈅" */
    0x23, 0x8e, 0x8e, 0x8e, 0x8e, 0x8e, 0x8e, 0x8e,
    0x8e, 0x0, 0x0, 0x48, 0x8e,

    /* U+F0214 "󰈔" */
    0x6e, 0xee, 0xee, 0xed, 0x20, 0x0, 0xe, 0xff,
    0xff, 0xfe, 0xce, 0x20, 0x0, 0xef, 0xff, 0xff,
    0xd0, 0xce, 0x20, 0xe, 0xff, 0xff, 0xfd, 0x0,
    0xce, 0x20, 0xef, 0xff, 0xff, 0xd0, 0x0, 0xce,
    0xe, 0xff, 0xff, 0xff, 0xaa, 0xab, 0xf1, 0xef,
    0xff, 0xff, 0xff, 0xff, 0xff, 0x1e, 0xff, 0xff,
    0xff, 0xff, 0xff, 0xf1, 0xef, 0xff, 0xff, 0xff,
    0xff, 0xff, 0x1e, 0xff, 0xff, 0xff, 0xff, 0xff,
    0xf1, 0xef, 0xff, 0xff, 0xff, 0xff, 0xff, 0x1e,
    0xff, 0xff, 0xff, 0xff, 0xff, 0xf1, 0xef, 0xff,
    0xff, 0xff, 0xff, 0xff, 0x1e, 0xff, 0xff, 0xff,
    0xff, 0xff, 0xf1, 0x7f, 0xff, 0xff, 0xff, 0xff,
    0xfa, 0x0, 0x0, 0x0, 0x0, 0x0, 0x0, 0x0,

    /* U+F0224 "󰈤" */
    0x27, 0x88, 0x88, 0x87, 0x0, 0x0, 0xc, 0xff,
    0xff, 0xff, 0xf9, 0x0, 0x0, 0xe9, 0x0, 0x0,
    0x3f, 0xf9, 0x0, 0xe, 0x90, 0x0, 0x3, 0xff,
    0xf9, 0x0, 0xe9, 0x0, 0x0, 0x3f, 0xff, 0xf9,
    0xe, 0x90, 0x0, 0x2, 0xbb, 0xbd, 0xf1, 0xe9,
    0x0, 0x0, 0x0, 0x0, 0x6f, 0x1e, 0x90, 0x0,
    0x0, 0x0, 0x6, 0xf1, 0xe9, 0x0, 0x0, 0x0,
    0x0, 0x6f, 0x1e, 0x90, 0x0, 0x0, 0x0, 0x6,
    0xf1, 0xe9, 0x0, 0x0, 0x0, 0x0, 0x6f, 0x1e,
    0x90, 0x0, 0x0, 0x0, 0x6, 0xf1, 0xe9, 0x0,
    0x0, 0x0, 0x0, 0x6f, 0x1e, 0xb3, 0x33, 0x33,
    0x33, 0x39, 0xf1, 0xaf, 0xff, 0xff, 0xff, 0xff,
    0xfc, 0x0, 0x33, 0x33, 0x33, 0x33, 0x33, 0x0,

    /* U+F024B "󰉋" */
    0x0, 0x0, 0x0, 0x0, 0x0, 0x0, 0x0, 0x0,
    0xb, 0xff, 0xff, 0xf6, 0x0, 0x0, 0x0, 0x0,
    0x1f, 0xff, 0xff, 0xff, 0x98, 0x88, 0x88, 0x81,
    0x1f, 0xff, 0xff, 0xff, 0xff, 0xff, 0xff, 0xfb,
    0x1f, 0xff, 0xff, 0xff, 0xff, 0xff, 0xff, 0xfd,
    0x1f, 0xff, 0xff, 0xff, 0xff, 0xff, 0xff, 0xfd,
    0x1f, 0xff, 0xff, 0xff, 0xff, 0xff, 0xff, 0xfd,
    0x1f, 0xff, 0xff, 0xff, 0xff, 0xff, 0xff, 0xfd,
    0x1f, 0xff, 0xff, 0xff, 0xff, 0xff, 0xff, 0xfd,
    0x1f, 0xff, 0xff, 0xff, 0xff, 0xff, 0xff, 0xfd,
    0x1f, 0xff, 0xff, 0xff, 0xff, 0xff, 0xff, 0xfd,
    0x1f, 0xff, 0xff, 0xff, 0xff, 0xff, 0xff, 0xfd,
    0x9, 0xff, 0xff, 0xff, 0xff, 0xff, 0xff, 0xe5,

    /* U+F0252 "󰉒" */
    0x0, 0x33, 0x33, 0x30, 0x0, 0x0, 0x0, 0x0,
    0xd, 0xff, 0xff, 0xf9, 0x0, 0x0, 0x0, 0x0,
    0x1f, 0xff, 0xff, 0xff, 0xcb, 0xbb, 0xbb, 0xb3,
    0x1f, 0xff, 0xff, 0xff, 0xff, 0xff, 0xff, 0xfc,
    0x1f, 0xff, 0xff, 0xff, 0xfd, 0x6f, 0xff, 0xfd,
    0x1f, 0xff, 0xff, 0xff, 0xfd, 0x6, 0xff, 0xfd,
    0x1f, 0xff, 0xff, 0xd0, 0x0, 0x0, 0x6f, 0xfd,
    0x1f, 0xff, 0xff, 0xd0, 0x0, 0x0, 0xa, 0xfd,
    0x1f, 0xff, 0xff, 0xd0, 0x0, 0x0, 0x6f, 0xfd,
    0x1f, 0xff, 0xff, 0xff, 0xfd, 0x6, 0xff, 0xfd,
    0x1f, 0xff, 0xff, 0xff, 0xfd, 0x6f, 0xff, 0xfd,
    0x1f, 0xff, 0xff, 0xff, 0xff, 0xff, 0xff, 0xfc,
    0x6, 0xcc, 0xcc, 0xcc, 0xcc, 0xcc, 0xcc, 0xb3,

    /* U+F0258 "󰉘" */
    0x0, 0x1, 0x11, 0x0, 0x0, 0x0, 0x0, 0x0,
    0xb, 0xff, 0xff, 0xf6, 0x0, 0x0, 0x0, 0x0,
    0x1f, 0xff, 0xff, 0xff, 0x98, 0x88, 0x88, 0x81,
    0x2f, 0xff, 0xff, 0xff, 0xff, 0xff, 0xff, 0xfb,
    0x2f, 0xff, 0xff, 0xff, 0xff, 0xff, 0xff, 0xfd,
    0x2f, 0xff, 0xff, 0xff, 0xf5, 0xbf, 0x89, 0xfd,
    0x2f, 0xff, 0xff, 0xff, 0xe2, 0x5, 0x6, 0xfd,
    0x2f, 0xff, 0xff, 0xff, 0xfe, 0x10, 0x4f, 0xfd,
    0x2f, 0xff, 0xff, 0xff, 0xf7, 0x1, 0xb, 0xfd,
    0x2f, 0xff, 0xff, 0xff, 0xe1, 0x6e, 0x24, 0xfd,
    0x2f, 0xff, 0xff, 0xff, 0xfe, 0xff, 0xef, 0xfd,
    0x1f, 0xff, 0xff, 0xff, 0xff, 0xff, 0xff, 0xfd,
    0x9, 0xff, 0xff, 0xff, 0xff, 0xff, 0xff, 0xe5,

    /* U+F02D7 "󰋗" */
    0x0, 0x0, 0x4, 0x9c, 0xdb, 0x81, 0x0, 0x0,
    0x0, 0x2, 0xcf, 0xff, 0xff, 0xff, 0x70, 0x0,
    0x0, 0x3f, 0xff, 0xe8, 0x7b, 0xff, 0xfa, 0x0,
    0x0, 0xef, 0xfe, 0x20, 0x0, 0x8f, 0xff, 0x60,
    0x8, 0xff, 0xf7, 0xb, 0xe5, 0xf, 0xff, 0xe0,
    0xe, 0xff, 0xfa, 0x9f, 0xfb, 0xd, 0xff, 0xf6,
    0x1f, 0xff, 0xff, 0xff, 0xf5, 0x1f, 0xff, 0xf9,
    0x3f, 0xff, 0xff, 0xff, 0x70, 0xcf, 0xff, 0xfb,
    0x2f, 0xff, 0xff, 0xfc, 0x9, 0xff, 0xff, 0xfa,
    0xf, 0xff, 0xff, 0xf8, 0xf, 0xff, 0xff, 0xf7,
    0xa, 0xff, 0xff, 0xff, 0xff, 0xff, 0xff, 0xf2,
    0x3, 0xff, 0xff, 0xfc, 0x8f, 0xff, 0xff, 0xb0,
    0x0, 0x8f, 0xff, 0xf8, 0xf, 0xff, 0xfe, 0x10,
    0x0, 0x8, 0xff, 0xff, 0xff, 0xff, 0xd2, 0x0,
    0x0, 0x0, 0x3b, 0xff, 0xff, 0xd7, 0x0, 0x0,
    0x0, 0x0, 0x0, 0x2, 0x31, 0x0, 0x0, 0x0,

    /* U+F02DC "󰋜" */
    0x0, 0x0, 0x0, 0x1, 0x50, 0x0, 0x0, 0x0,
    0x0, 0x0, 0x0, 0x2d, 0xf8, 0x0, 0x0, 0x0,
    0x0, 0x0, 0x3, 0xef, 0xff, 0xa0, 0x0, 0x0,
    0x0, 0x0, 0x4f, 0xff, 0xff, 0xfb, 0x0, 0x0,
    0x0, 0x6, 0xff, 0xff, 0xff, 0xff, 0xc1, 0x0,
    0x0, 0x7f, 0xff, 0xff, 0xff, 0xff, 0xfd, 0x20,
    0x9, 0xff, 0xff, 0xff, 0xff, 0xff, 0xff, 0xe3,
    0x1, 0x3f, 0xff, 0xff, 0xff, 0xff, 0xfa, 0x11,
    0x0, 0x1f, 0xff, 0xda, 0xaa, 0xff, 0xf9, 0x0,
    0x0, 0x1f, 0xff, 0xa0, 0x1, 0xff, 0xf9, 0x0,
    0x0, 0x1f, 0xff, 0xa0, 0x1, 0xff, 0xf9, 0x0,
    0x0, 0x1f, 0xff, 0xa0, 0x1, 0xff, 0xf9, 0x0,
    0x0, 0x1f, 0xff, 0xa0, 0x1, 0xff, 0xf9, 0x0,
    0x0, 0x2, 0x22, 0x10, 0x0, 0x22, 0x21, 0x0,

    /* U+F02E9 "󰋩" */
    0x1, 0x33, 0x33, 0x33, 0x33, 0x33, 0x20, 0x4f,
    0xff, 0xff, 0xff, 0xff, 0xff, 0xf9, 0x9f, 0xff,
    0xff, 0xff, 0xff, 0xff, 0xfe, 0x9f, 0xff, 0xff,
    0xff, 0xff, 0xff, 0xfe, 0x9f, 0xff, 0xff, 0xff,
    0xff, 0xff, 0xfe, 0x9f, 0xff, 0xff, 0xff, 0xff,
    0xff, 0xfe, 0x9f, 0xff, 0xff, 0xff, 0xff, 0xff,
    0xfe, 0x9f, 0xff, 0xff, 0xff, 0xee, 0xff, 0xfe,
    0x9f, 0xff, 0xef, 0xff, 0x44, 0xff, 0xfe, 0x9f,
    0xfd, 0x1b, 0xf8, 0x0, 0x8f, 0xfe, 0x9f, 0xf2,
    0x1, 0x90, 0x0, 0xb, 0xfe, 0x9f, 0x50, 0x0,
    0x0, 0x0, 0x1, 0xee, 0x9f, 0xff, 0xff, 0xff,
    0xff, 0xff, 0xfe, 0x5f, 0xff, 0xff, 0xff, 0xff,
    0xff, 0xfa, 0x3, 0x44, 0x44, 0x44, 0x44, 0x44,
    0x40,

    /* U+F02FA "󰋺" */
    0x0, 0x0, 0x0, 0x0, 0x0, 0x0, 0x0, 0x0,
    0xaf, 0xff, 0xff, 0xff, 0xff, 0xf8, 0x0, 0xfb,
    0x77, 0x77, 0x77, 0x77, 0xce, 0x1, 0xf6, 0x0,
    0x0, 0x0, 0x0, 0x9e, 0x0, 0xb4, 0x0, 0x61,
    0x0, 0x0, 0x9e, 0x0, 0x0, 0x0, 0x9d, 0x10,
    0x0, 0x9e, 0x8f, 0xff, 0xff, 0xff, 0xd1, 0x0,
    0x9e, 0x47, 0x77, 0x77, 0xcf, 0xd1, 0x0, 0x9e,
    0x0, 0x0, 0x0, 0x9c, 0x10, 0x0, 0x9e, 0x0,
    0xc5, 0x0, 0x61, 0x0, 0x0, 0x9e, 0x1, 0xf6,
    0x0, 0x0, 0x0, 0x0, 0x9e, 0x0, 0xfb, 0x88,
    0x88, 0x88, 0x88, 0xce, 0x0, 0x8e, 0xff, 0xff,
    0xff, 0xff, 0xe6,

    /* U+F02FC "󰋼" */
    0x0, 0x0, 0x2, 0x7a, 0xb9, 0x61, 0x0, 0x0,
    0x0, 0x1, 0xaf, 0xff, 0xff, 0xff, 0x70, 0x0,
    0x0, 0x1d, 0xff, 0xff, 0xff, 0xff, 0xfa, 0x0,
    0x0, 0xcf, 0xff, 0xff, 0xff, 0xff, 0xff, 0x80,
    0x6, 0xff, 0xff, 0xf9, 0xe, 0xff, 0xff, 0xf1,
    0xc, 0xff, 0xff, 0xfc, 0x7f, 0xff, 0xff, 0xf7,
    0xf, 0xff, 0xff, 0xff, 0xff, 0xff, 0xff, 0xfb,
    0x1f, 0xff, 0xff, 0xfa, 0xe, 0xff, 0xff, 0xfc,
    0xf, 0xff, 0xff, 0xf9, 0xe, 0xff, 0xff, 0xfb,
    0xd, 0xff, 0xff, 0xf9, 0xe, 0xff, 0xff, 0xf8,
    0x8, 0xff, 0xff, 0xf9, 0xe, 0xff, 0xff, 0xf3,
    0x1, 0xff, 0xff, 0xfe, 0xaf, 0xff, 0xff, 0xb0,
    0x0, 0x4f, 0xff, 0xff, 0xff, 0xff, 0xfe, 0x10,
    0x0, 0x4, 0xef, 0xff, 0xff, 0xff, 0xc1, 0x0,
    0x0, 0x0, 0x7, 0xcf, 0xfe, 0xb5, 0x0, 0x0,
    0x0, 0x0, 0x0, 0x0, 0x0, 0x0, 0x0, 0x0,

    /* U+F0309 "󰌉" */
    0x0, 0x14, 0x30, 0x0, 0x0, 0x0, 0x0, 0x5,
    0xff, 0xfd, 0x10, 0x0, 0x0, 0x0, 0x1f, 0xff,
    0xff, 0xb1, 0x11, 0x11, 0x11, 0x6f, 0xe0, 0x5f,
    0xff, 0xff, 0xff, 0xfd, 0x6f, 0xe0, 0x5f, 0xff,
    0xff, 0xff, 0xfd, 0x2f, 0xfe, 0xff, 0xb2, 0x2b,
    0xfa, 0x21, 0x5, 0xff, 0xfd, 0x10, 0xa, 0xf9,
    0x0, 0x0, 0x15, 0x40, 0x0, 0x4, 0x63, 0x0,
    0x0, 0x0, 0x0, 0x0, 0x0, 0x0, 0x0, 0x0,
    0x0, 0x0, 0xad, 0x0, 0x0, 0x0, 0x0, 0x0,
    0x0, 0xad, 0x0, 0x0, 0x0, 0x0, 0x0, 0xbc,
    0xef, 0xcc, 0x0, 0x0, 0x0, 0x0, 0x9a, 0xef,
    0xaa, 0x0, 0x0, 0x0, 0x0, 0x0, 0xad, 0x0,
    0x0, 0x0, 0x0, 0x0, 0x0, 0x9c, 0x0, 0x0,
    0x0,

    /* U+F030A "󰌊" */
    0x0, 0x14, 0x40, 0x0, 0x0, 0x0, 0x0, 0x0,
    0x5f, 0xff, 0xe2, 0x0, 0x0, 0x0, 0x0, 0x1f,
    0xff, 0xff, 0xd1, 0x11, 0x11, 0x11, 0x6, 0xfe,
    0x13, 0xff, 0xff, 0xff, 0xff, 0xf0, 0x6f, 0xe0,
    0x2f, 0xff, 0xff, 0xff, 0xff, 0x2, 0xff, 0xff,
    0xfd, 0x22, 0x8f, 0xc2, 0x20, 0x5, 0xff, 0xfe,
    0x30, 0x7, 0xfc, 0x0, 0x0, 0x1, 0x54, 0x0,
    0x0, 0x36, 0x40, 0x0, 0x0, 0x0, 0x0, 0x0,
    0x0, 0x0, 0x0, 0x0, 0x0, 0x4, 0xc1, 0x6,
    0xb0, 0x0, 0x0, 0x0, 0x0, 0x3f, 0xd7, 0xfa,
    0x0, 0x0, 0x0, 0x0, 0x0, 0x3f, 0xfb, 0x0,
    0x0, 0x0, 0x0, 0x0, 0x6, 0xff, 0xd1, 0x0,
    0x0, 0x0, 0x0, 0x5, 0xfa, 0x3f, 0xd0, 0x0,
    0x0, 0x0, 0x0, 0x29, 0x0, 0x38, 0x0, 0x0,
    0x0,

    /* U+F0311 "󰌑" */
    0x0, 0x0, 0x71, 0x0, 0x0, 0x0, 0x0, 0x0,
    0x0, 0x8f, 0x70, 0x0, 0x0, 0x1, 0xf6, 0x0,
    0x8f, 0x80, 0x0, 0x0, 0x0, 0x1f, 0x60, 0x8f,
    0x80, 0x0, 0x0, 0x0, 0x1, 0xf6, 0x7f, 0xff,
    0xff, 0xff, 0xff, 0xff, 0xff, 0x62, 0xef, 0xa7,
    0x77, 0x77, 0x77, 0x77, 0x73, 0x2, 0xee, 0x20,
    0x0, 0x0, 0x0, 0x0, 0x0, 0x2, 0xee, 0x20,
    0x0, 0x0, 0x0, 0x0, 0x0, 0x2, 0xe6, 0x0,
    0x0, 0x0, 0x0, 0x0, 0x0, 0x1, 0x0, 0x0,
    0x0, 0x0, 0x0,

    /* U+F0315 "󰌕" */
    0x17, 0x77, 0x77, 0x77, 0x77, 0x30, 0x0, 0xd,
    0xff, 0xff, 0xff, 0xff, 0xff, 0x30, 0x0, 0xff,
    0xff, 0xff, 0xff, 0xff, 0xfe, 0x0, 0xf, 0xff,
    0xff, 0xff, 0xff, 0xff, 0xfa, 0x0, 0xff, 0xff,
    0xff, 0xff, 0xff, 0xff, 0xf5, 0xf, 0xff, 0xff,
    0xff, 0xff, 0xff, 0xff, 0xf1, 0xff, 0xff, 0xff,
    0xff, 0xff, 0xff, 0xfb, 0xf, 0xff, 0xff, 0xff,
    0xff, 0xff, 0xfe, 0x10, 0xff, 0xff, 0xff, 0xff,
    0xff, 0xff, 0x50, 0xf, 0xff, 0xff, 0xff, 0xff,
    0xff, 0x90, 0x0, 0x8f, 0xff, 0xff, 0xff, 0xff,
    0xb0, 0x0, 0x0,

    /* U+F0318 "󰌘" */
    0x0, 0x47, 0x77, 0x77, 0x30, 0x0, 0x0, 0x0,
    0x0, 0x2, 0xff, 0xff, 0xff, 0xf1, 0x0, 0x0,
    0x0, 0x0, 0x4, 0xf2, 0x0, 0x6, 0xf2, 0x0,
    0x0, 0x0, 0x0, 0x4, 0xf2, 0x0, 0x5, 0xf2,
    0x0, 0x0, 0x0, 0x0, 0x4, 0xf2, 0x0, 0x5,
    0xf2, 0x0, 0x0, 0x0, 0x0, 0x2, 0xff, 0xff,
    0xff, 0xf1, 0x0, 0x0, 0x0, 0x0, 0x7, 0xcf,
    0xff, 0xff, 0xb7, 0x0, 0x0, 0x0, 0x0, 0x1f,
    0xff, 0xff, 0xff, 0xfe, 0x0, 0x0, 0x0, 0x0,
    0x0, 0x0, 0x0, 0x0, 0x0, 0x0, 0x0, 0x0,
    0x0, 0x0, 0x47, 0x0, 0x0, 0x1, 0x77, 0x77,
    0x76, 0x0, 0x0, 0x9e, 0x0, 0x0, 0xb, 0xff,
    0xff, 0xff, 0x60, 0x0, 0x9e, 0x0, 0x0, 0xd,
    0xa0, 0x0, 0xe, 0x80, 0x0, 0x9e, 0x0, 0x0,
    0xd, 0xa0, 0x0, 0xe, 0x80, 0x0, 0x9f, 0xbb,
    0xb7, 0xd, 0xa0, 0x0, 0xe, 0x80, 0x0, 0x7c,
    0xcc, 0xc7, 0xb, 0xff, 0xff, 0xff, 0x60, 0x0,
    0x0, 0x0, 0x0, 0x49, 0xff, 0xff, 0xfe, 0x72,
    0x0, 0x0, 0x0, 0x0, 0x9f, 0xff, 0xff, 0xff,
    0xf5, 0x0, 0x0, 0x0, 0x0, 0x0, 0x0, 0x0,
    0x0, 0x0,

    /* U+F0319 "󰌙" */
    0x0, 0x47, 0x77, 0x77, 0x30, 0x0, 0x0, 0x0,
    0x0, 0x2, 0xff, 0xff, 0xff, 0xf1, 0x0, 0x0,
    0x0, 0x0, 0x4, 0xf2, 0x0, 0x5, 0xf2, 0x0,
    0x0, 0x0, 0x0, 0x4, 0xf2, 0x0, 0x5, 0xf2,
    0x0, 0x0, 0x0, 0x0, 0x4, 0xf2, 0x0, 0x5,
    0xf2, 0x0, 0x0, 0x0, 0x0, 0x2, 0xff, 0xff,
    0xff, 0xf1, 0x0, 0x0, 0x0, 0x0, 0x7, 0xcf,
    0xff, 0xff, 0xb7, 0x0, 0x0, 0x0, 0x0, 0x1f,
    0xff, 0xff, 0xff, 0xfe, 0x0, 0x0, 0x0, 0x0,
    0x0, 0x0, 0x0, 0x0, 0x0, 0x0, 0x0, 0x0,
    0x0, 0x0, 0x0, 0x0, 0x0, 0x1, 0x77, 0x77,
    0x76, 0x0, 0x0, 0x8b, 0x5, 0xd1, 0xa, 0xff,
    0xff, 0xff, 0x60, 0x0, 0x6f, 0xcf, 0xb0, 0xc,
    0xa0, 0x0, 0xe, 0x80, 0x0, 0xa, 0xfe, 0x0,
    0xc, 0xa0, 0x0, 0xe, 0x80, 0x0, 0x5f, 0xdf,
    0xb0, 0xc, 0xa0, 0x0, 0xe, 0x80, 0x0, 0x9b,
    0x6, 0xd1, 0xa, 0xff, 0xff, 0xff, 0x60, 0x0,
    0x0, 0x0, 0x0, 0x49, 0xff, 0xff, 0xfe, 0x72,
    0x0, 0x0, 0x0, 0x0, 0x8f, 0xff, 0xff, 0xff,
    0xf5, 0x0, 0x0, 0x0, 0x0, 0x0, 0x0, 0x0,
    0x0, 0x0,

    /* U+F031A "󰌚" */
    0x0, 0x47, 0x77, 0x77, 0x30, 0x0, 0x0, 0x0,
    0x0, 0x2, 0xff, 0xff, 0xff, 0xf1, 0x0, 0x0,
    0x0, 0x0, 0x4, 0xf2, 0x0, 0x5, 0xf2, 0x0,
    0x0, 0x0, 0x0, 0x4, 0xf2, 0x0, 0x5, 0xf2,
    0x0, 0x0, 0x0, 0x0, 0x4, 0xf2, 0x0, 0x5,
    0xf2, 0x0, 0x0, 0x0, 0x0, 0x2, 0xff, 0xff,
    0xff, 0xf1, 0x0, 0x0, 0x0, 0x0, 0x7, 0xcf,
    0xff, 0xff, 0xb7, 0x0, 0x0, 0x0, 0x0, 0x1f,
    0xff, 0xff, 0xff, 0xfe, 0x0, 0x0, 0x0, 0x0,
    0x0, 0x24, 0x0, 0x0, 0x0, 0x0, 0x0, 0x0,
    0x0, 0x0, 0x8f, 0x0, 0x0, 0x1, 0x77, 0x77,
    0x76, 0x0, 0x0, 0x24, 0x0, 0x0, 0xa, 0xff,
    0xff, 0xff, 0x60, 0x0, 0x8f, 0x0, 0x0, 0xc,
    0xa0, 0x0, 0xe, 0x80, 0x0, 0x47, 0x0, 0x0,
    0xc, 0xa0, 0x0, 0xe, 0x80, 0x0, 0x6b, 0x3b,
    0x3b, 0x5c, 0xa0, 0x0, 0xe, 0x80, 0x0, 0x7b,
    0x3c, 0x3c, 0x5a, 0xff, 0xff, 0xff, 0x60, 0x0,
    0x0, 0x0, 0x0, 0x49, 0xff, 0xff, 0xfe, 0x72,
    0x0, 0x0, 0x0, 0x0, 0x8f, 0xff, 0xff, 0xff,
    0xf5, 0x0, 0x0, 0x0, 0x0, 0x0, 0x0, 0x0,
    0x0, 0x0,

    /* U+F0336 "󰌶" */
    0x0, 0x0, 0x58, 0x96, 0x10, 0x0, 0x0, 0x2d,
    0xff, 0xef, 0xf5, 0x0, 0x1, 0xee, 0x40, 0x2,
    0xbf, 0x40, 0x9, 0xf2, 0x0, 0x0, 0xc, 0xd0,
    0xe, 0x90, 0x0, 0x0, 0x5, 0xf3, 0xf, 0x60,
    0x0, 0x0, 0x2, 0xf5, 0xf, 0x80, 0x0, 0x0,
    0x3, 0xf4, 0xb, 0xd0, 0x0, 0x0, 0xa, 0xf0,
    0x4, 0xfa, 0x0, 0x0, 0x7f, 0x80, 0x0, 0x6f,
    0x90, 0x5, 0xfa, 0x0, 0x0, 0xd, 0xa0, 0x5,
    0xf2, 0x0, 0x0, 0xd, 0xff, 0xff, 0xf1, 0x0,
    0x0, 0x4, 0x77, 0x77, 0x60, 0x0, 0x0, 0x0,
    0x44, 0x44, 0x10, 0x0, 0x0, 0x1, 0xff, 0xff,
    0x50, 0x0, 0x0, 0x0, 0x23, 0x33, 0x0, 0x0,

    /* U+F0342 "󰍂" */
    0x0, 0x0, 0x17, 0x88, 0x88, 0x88, 0x71, 0x0,
    0x0, 0xcf, 0xff, 0xff, 0xff, 0xfc, 0x0, 0x0,
    0xe8, 0x0, 0x0, 0x0, 0x9e, 0x0, 0x0, 0x64,
    0x0, 0x0, 0x0, 0x9e, 0x0, 0x0, 0x4, 0x20,
    0x0, 0x0, 0x9e, 0x0, 0x0, 0x5, 0xe3, 0x0,
    0x0, 0x9e, 0x8f, 0xff, 0xff, 0xff, 0x40, 0x0,
    0x9e, 0x9f, 0xff, 0xff, 0xff, 0xf2, 0x0, 0x9e,
    0x9f, 0xff, 0xff, 0xff, 0x80, 0x0, 0x9e, 0x1,
    0x11, 0x16, 0xf8, 0x0, 0x0, 0x9e, 0x0, 0x0,
    0x5, 0x90, 0x0, 0x0, 0x9e, 0x0, 0x0, 0x1,
    0x0, 0x0, 0x0, 0x9e, 0x0, 0x0, 0xb6, 0x0,
    0x0, 0x0, 0x9e, 0x0, 0x0, 0xea, 0x44, 0x44,
    0x44, 0xbe, 0x0, 0x0, 0xaf, 0xff, 0xff, 0xff,
    0xfa, 0x0, 0x0, 0x3, 0x33, 0x33, 0x33, 0x30,

    /* U+F0343 "󰍃" */
    0x6, 0x88, 0x88, 0x88, 0x83, 0x0, 0x0, 0x7f,
    0xff, 0xff, 0xff, 0xff, 0x0, 0x0, 0x9e, 0x0,
    0x0, 0x0, 0x5f, 0x20, 0x0, 0x9e, 0x0, 0x0,
    0x0, 0x27, 0x10, 0x0, 0x9e, 0x0, 0x0, 0x0,
    0x0, 0x60, 0x0, 0x9e, 0x0, 0x0, 0x0, 0x0,
    0xda, 0x0, 0x9e, 0x0, 0x1f, 0xff, 0xff, 0xff,
    0xb0, 0x9e, 0x0, 0x1f, 0xff, 0xff, 0xff, 0xfa,
    0x9e, 0x0, 0x1f, 0xff, 0xff, 0xff, 0xe1, 0x9e,
    0x0, 0x1, 0x11, 0x11, 0xde, 0x20, 0x9e, 0x0,
    0x0, 0x0, 0x0, 0xc2, 0x0, 0x9e, 0x0, 0x0,
    0x0, 0x0, 0x10, 0x0, 0x9e, 0x0, 0x0, 0x0,
    0x3c, 0x10, 0x0, 0x9f, 0x44, 0x44, 0x44, 0x7f,
    0x20, 0x0, 0x5f, 0xff, 0xff, 0xff, 0xfd, 0x0,
    0x0, 0x2, 0x33, 0x33, 0x33, 0x30, 0x0, 0x0,

    /* U+F035B "󰍛" */
    0x0, 0x0, 0x1f, 0x61, 0xf6, 0x0, 0x0, 0x0,
    0x27, 0x8f, 0xb8, 0xfb, 0x74, 0x0, 0x0, 0xef,
    0xff, 0xff, 0xff, 0xff, 0x30, 0x1, 0xf5, 0x0,
    0x0, 0x0, 0x1f, 0x50, 0x48, 0xf5, 0x7, 0x77,
    0x73, 0x1f, 0xa6, 0x9f, 0xf5, 0x1f, 0xff, 0xf6,
    0x1f, 0xfe, 0x1, 0xf5, 0x1f, 0x71, 0xf6, 0x1f,
    0x60, 0x48, 0xf5, 0x1f, 0xb8, 0xf6, 0x1f, 0xa7,
    0x9f, 0xf5, 0x1f, 0xff, 0xf6, 0x1f, 0xfe, 0x1,
    0xf5, 0x0, 0x0, 0x0, 0x1f, 0x60, 0x1, 0xfa,
    0x77, 0x77, 0x77, 0x8f, 0x50, 0x0, 0x9f, 0xff,
    0xff, 0xff, 0xfd, 0x10, 0x0, 0x0, 0x1f, 0x61,
    0xf6, 0x0, 0x0, 0x0, 0x0, 0x8, 0x30, 0x83,
    0x0, 0x0,

    /* U+F035C "󰍜" */
    0x58, 0x88, 0x88, 0x88, 0x88, 0x88, 0x88, 0x8f,
    0xff, 0xff, 0xff, 0xff, 0xff, 0xfe, 0x0, 0x0,
    0x0, 0x0, 0x0, 0x0, 0x0, 0x0, 0x0, 0x0,
    0x0, 0x0, 0x0, 0x0, 0x9f, 0xff, 0xff, 0xff,
    0xff, 0xff, 0xfe, 0x48, 0x88, 0x88, 0x88, 0x88,
    0x88, 0x87, 0x0, 0x0, 0x0, 0x0, 0x0, 0x0,
    0x0, 0x0, 0x0, 0x0, 0x0, 0x0, 0x0, 0x0,
    0x9f, 0xff, 0xff, 0xff, 0xff, 0xff, 0xfe, 0x47,
    0x77, 0x77, 0x77, 0x77, 0x77, 0x76,

    /* U+F036C "󰍬" */
    0x0, 0x0, 0x0, 0x10, 0x0, 0x0, 0x0, 0x0,
    0x5f, 0xfa, 0x0, 0x0, 0x0, 0x0, 0xff, 0xff,
    0x40, 0x0, 0x0, 0x1, 0xff, 0xff, 0x60, 0x0,
    0x0, 0x1, 0xff, 0xff, 0x60, 0x0, 0x0, 0x1,
    0xff, 0xff, 0x60, 0x0, 0x0, 0x1, 0xff, 0xff,
    0x60, 0x0, 0x6, 0x21, 0xff, 0xff, 0x60, 0x62,
    0xf, 0x80, 0xdf, 0xff, 0x24, 0xf4, 0xa, 0xf2,
    0x2b, 0xc5, 0xb, 0xe0, 0x2, 0xfe, 0x51, 0x3,
    0xbf, 0x50, 0x0, 0x3d, 0xff, 0xff, 0xf6, 0x0,
    0x0, 0x0, 0x4c, 0xf5, 0x10, 0x0, 0x0, 0x0,
    0x9, 0xe0, 0x0, 0x0, 0x0, 0x0, 0x7, 0xb0,
    0x0, 0x0,

    /* U+F036D "󰍭" */
    0x0, 0x0, 0x0, 0x1, 0x0, 0x0, 0x0, 0x2,
    0x0, 0x5, 0xff, 0xa0, 0x0, 0x0, 0x5f, 0x40,
    0xf, 0xff, 0xf4, 0x0, 0x0, 0xa, 0xf4, 0xc,
    0xff, 0xf6, 0x0, 0x0, 0x0, 0xaf, 0x40, 0xcf,
    0xf6, 0x0, 0x0, 0x0, 0xa, 0xf4, 0xc, 0xf6,
    0x0, 0x0, 0x0, 0x0, 0x9f, 0x50, 0xc6, 0x0,
    0x0, 0x0, 0x61, 0x1f, 0xf5, 0x3, 0x5, 0x20,
    0x0, 0xf5, 0xd, 0xff, 0x50, 0xf, 0x30, 0x0,
    0xac, 0x2, 0xbd, 0xf5, 0xb, 0x0, 0x0, 0x1e,
    0xb1, 0x0, 0x9f, 0x50, 0x0, 0x0, 0x2, 0xcf,
    0xdc, 0xff, 0xf5, 0x0, 0x0, 0x0, 0x3, 0xcf,
    0x50, 0x8f, 0x50, 0x0, 0x0, 0x0, 0x9e, 0x0,
    0x8, 0xf6, 0x0, 0x0, 0x0, 0x8d, 0x0, 0x0,
    0x86,

    /* U+F0379 "󰍹" */
    0x3, 0x88, 0x88, 0x88, 0x88, 0x88, 0x88, 0x88,
    0x50, 0xe, 0xff, 0xff, 0xff, 0xff, 0xff, 0xff,
    0xff, 0xf5, 0x1f, 0x60, 0x0, 0x0, 0x0, 0x0,
    0x0, 0x0, 0xf7, 0x1f, 0x60, 0x0, 0x0, 0x0,
    0x0, 0x0, 0x0, 0xf7, 0x1f, 0x60, 0x0, 0x0,
    0x0, 0x0, 0x0, 0x0, 0xf7, 0x1f, 0x60, 0x0,
    0x0, 0x0, 0x0, 0x0, 0x0, 0xf7, 0x1f, 0x60,
    0x0, 0x0, 0x0, 0x0, 0x0, 0x0, 0xf7, 0x1f,
    0x60, 0x0, 0x0, 0x0, 0x0, 0x0, 0x0, 0xf7,
    0x1f, 0x60, 0x0, 0x0, 0x0, 0x0, 0x0, 0x0,
    0xf7, 0x1f, 0x60, 0x0, 0x0, 0x0, 0x0, 0x0,
    0x0, 0xf7, 0x1f, 0x70, 0x0, 0x0, 0x0, 0x0,
    0x0, 0x1, 0xf7, 0xe, 0xff, 0xff, 0xff, 0xff,
    0xff, 0xff, 0xff, 0xf4, 0x2, 0x77, 0x77, 0x7b,
    0xff, 0xc7, 0x77, 0x77, 0x40, 0x0, 0x0, 0x0,
    0x39, 0xff, 0xb3, 0x0, 0x0, 0x0, 0x0, 0x0,
    0x0, 0xef, 0xff, 0xff, 0x10, 0x0, 0x0, 0x0,
    0x0, 0x0, 0x33, 0x33, 0x33, 0x0, 0x0, 0x0,

    /* U+F040A "󰐊" */
    0x20, 0x0, 0x0, 0x0, 0xf, 0x80, 0x0, 0x0,
    0x0, 0xff, 0xd4, 0x0, 0x0, 0xf, 0xff, 0xfa,
    0x10, 0x0, 0xff, 0xff, 0xfe, 0x50, 0xf, 0xff,
    0xff, 0xff, 0xb0, 0xff, 0xff, 0xff, 0xd3, 0xf,
    0xff, 0xff, 0x80, 0x0, 0xff, 0xfc, 0x20, 0x0,
    0xf, 0xf6, 0x0, 0x0, 0x0, 0xa1, 0x0, 0x0,
    0x0, 0x0,

    /* U+F0425 "󰐥" */
    0x0, 0x0, 0x4, 0x70, 0x0, 0x0, 0x0, 0x0,
    0x0, 0x8e, 0x0, 0x0, 0x0, 0x0, 0x61, 0x8,
    0xe0, 0x7, 0x10, 0x0, 0x8f, 0x70, 0x8e, 0x2,
    0xfd, 0x0, 0x3f, 0x90, 0x8, 0xe0, 0x3, 0xf9,
    0x9, 0xf0, 0x0, 0x8e, 0x0, 0x9, 0xf0, 0xcb,
    0x0, 0x8, 0xe0, 0x0, 0x4f, 0x3d, 0xa0, 0x0,
    0x8e, 0x0, 0x4, 0xf4, 0xbd, 0x0, 0x0, 0x0,
    0x0, 0x7f, 0x15, 0xf5, 0x0, 0x0, 0x0, 0xd,
    0xc0, 0xc, 0xf4, 0x0, 0x0, 0x1b, 0xf3, 0x0,
    0x1c, 0xfb, 0x76, 0x9e, 0xf5, 0x0, 0x0, 0x7,
    0xdf, 0xff, 0xa2, 0x0, 0x0, 0x0, 0x0, 0x1,
    0x0, 0x0, 0x0,

    /* U+F0432 "󰐲" */
    0x7c, 0xcc, 0xb0, 0x0, 0x7, 0xcc, 0xcb, 0x9f,
    0xbe, 0xe0, 0x23, 0x9, 0xfb, 0xee, 0x9e, 0x9,
    0xe0, 0x8e, 0x9, 0xe0, 0x9e, 0x9f, 0xce, 0xe0,
    0x8e, 0x9, 0xfc, 0xee, 0x6b, 0xbb, 0xa0, 0x6a,
    0x6, 0xbb, 0xba, 0x0, 0x0, 0x0, 0x0, 0x0,
    0x0, 0x0, 0x8c, 0x0, 0xd, 0xdc, 0x8, 0xc0,
    0x8c, 0x47, 0x0, 0x8, 0xce, 0x4, 0x88, 0x87,
    0x0, 0x0, 0x0, 0x8e, 0x0, 0x1f, 0x60, 0x9f,
    0xff, 0xe0, 0x0, 0x9, 0xe0, 0x9e, 0x9f, 0x8c,
    0xe0, 0x47, 0x7c, 0xe0, 0x9e, 0x9e, 0x9, 0xe0,
    0x8f, 0xff, 0xe0, 0x9e, 0x9f, 0xff, 0xe0, 0x8e,
    0x0, 0x1f, 0x60, 0x48, 0x88, 0x70, 0x47, 0x0,
    0x8, 0x30,

    /* U+F044A "󰑊" */
    0x0, 0x0, 0x26, 0x64, 0x0, 0x0, 0x0, 0x1b,
    0xff, 0xff, 0xd3, 0x0, 0x0, 0xdf, 0xff, 0xff,
    0xff, 0x30, 0x8, 0xff, 0xff, 0xff, 0xff, 0xd0,
    0xe, 0xff, 0xff, 0xff, 0xff, 0xf2, 0xf, 0xff,
    0xff, 0xff, 0xff, 0xf5, 0xf, 0xff, 0xff, 0xff,
    0xff, 0xf4, 0xc, 0xff, 0xff, 0xff, 0xff, 0xf1,
    0x4, 0xff, 0xff, 0xff, 0xff, 0x80, 0x0, 0x7f,
    0xff, 0xff, 0xfb, 0x0, 0x0, 0x4, 0xbe, 0xfc,
    0x60, 0x0,

    /* U+F0454 "󰑔" */
    0x0, 0x16, 0xbd, 0xdb, 0x71, 0x0, 0x7, 0xff,
    0xdb, 0xad, 0xff, 0x80, 0x7f, 0xa2, 0x0, 0x0,
    0x29, 0xf9, 0x5, 0x2, 0x9d, 0xda, 0x40, 0x41,
    0x0, 0x5f, 0xfb, 0xae, 0xf7, 0x0, 0x0, 0x8,
    0x0, 0x0, 0x71, 0x0, 0x0, 0x0, 0x0, 0x0,
    0x0, 0x0, 0x0, 0xc, 0xff, 0xff, 0xe0, 0x0,
    0x0, 0xe, 0xf9, 0x9f, 0xf0, 0x0, 0x0, 0xe,
    0xa0, 0x8, 0xf0, 0x0, 0x0, 0xe, 0xc0, 0xb,
    0xf0, 0x0, 0x0, 0xe, 0xff, 0xef, 0xf0, 0x0,
    0x0, 0xe, 0xff, 0xff, 0xf0, 0x0, 0x0, 0xe,
    0xff, 0xff, 0xf0, 0x0, 0x0, 0xe, 0xff, 0xff,
    0xf0, 0x0, 0x0, 0xe, 0xff, 0xff, 0xf0, 0x0,
    0x0, 0xd, 0xff, 0xff, 0xf0, 0x0, 0x0, 0x1,
    0x22, 0x22, 0x10, 0x0,

    /* U+F0459 "󰑙" */
    0x0, 0x0, 0x1, 0x10, 0x0, 0x0, 0x0, 0x0,
    0x1, 0xe2, 0x0, 0x0, 0x0, 0x0, 0x1, 0xef,
    0x20, 0x0, 0x0, 0x0, 0x1, 0xef, 0xf9, 0x61,
    0x0, 0x0, 0x0, 0x4f, 0xff, 0xef, 0xf8, 0x0,
    0x0, 0x0, 0x4f, 0xf2, 0x19, 0xfa, 0x0, 0x0,
    0x0, 0x3f, 0x20, 0x6, 0xf6, 0x0, 0x0, 0x0,
    0x31, 0x0, 0xc, 0xd0, 0x0, 0x0, 0x0, 0x0,
    0x0, 0x7f, 0xa, 0x80, 0x0, 0x0, 0x0, 0x6,
    0xf1, 0xbd, 0x0, 0x0, 0x0, 0x0, 0x9f, 0x5,
    0xf4, 0x0, 0x0, 0x0, 0x1e, 0xa0, 0xc, 0xe3,
    0x0, 0x0, 0x1c, 0xf2, 0x0, 0x1d, 0xfb, 0x76,
    0x9f, 0xf4, 0x0, 0x0, 0x7, 0xef, 0xff, 0x92,
    0x0, 0x0, 0x0, 0x0, 0x1, 0x0, 0x0, 0x0,

    /* U+F0484 "󰒄" */
    0x0, 0x0, 0x0, 0x7, 0x92, 0x0, 0x0, 0x0,
    0x0, 0x0, 0x18, 0xff, 0xff, 0xb4, 0x0, 0x0,
    0x0, 0x3, 0xfe, 0x71, 0xdf, 0xff, 0xa0, 0x0,
    0x0, 0x4, 0xf3, 0x0, 0xdf, 0xff, 0xb0, 0x0,
    0x0, 0x4, 0xf3, 0x0, 0xdf, 0xff, 0xb0, 0x0,
    0x0, 0x3, 0xf9, 0x88, 0x77, 0x7e, 0xb0, 0x0,
    0x0, 0x2, 0xff, 0xff, 0x20, 0xe, 0x90, 0x0,
    0x0, 0x0, 0xdf, 0xff, 0x20, 0x2f, 0x40, 0x0,
    0x0, 0x0, 0x5f, 0xff, 0x20, 0xcc, 0x0, 0x0,
    0x0, 0x0, 0x8, 0xff, 0x4c, 0xd1, 0x0, 0x0,
    0x0, 0x0, 0x0, 0x6f, 0xfa, 0x10, 0x0, 0x0,
    0x0, 0x0, 0x0, 0x9, 0xe0, 0x0, 0x0, 0x0,
    0x0, 0x0, 0x0, 0xae, 0xfb, 0x20, 0x0, 0x0,
    0x1f, 0xff, 0xff, 0xff, 0xff, 0xff, 0xff, 0xfd,
    0x18, 0x88, 0x88, 0xff, 0xff, 0xa8, 0x88, 0x86,
    0x0, 0x0, 0x0, 0x24, 0x43, 0x0, 0x0, 0x0,

    /* U+F048B "󰒋" */
    0x27, 0x88, 0x88, 0x88, 0x88, 0x88, 0x84, 0x9f,
    0xff, 0xff, 0xff, 0xff, 0xff, 0xfe, 0x9e, 0x9,
    0xe5, 0xff, 0xff, 0xff, 0xfe, 0x9f, 0x7c, 0xfa,
    0xff, 0xff, 0xff, 0xfe, 0x7f, 0xff, 0xff, 0xff,
    0xff, 0xff, 0xfc, 0x0, 0x0, 0x0, 0x0, 0x0,
    0x0, 0x0, 0x27, 0x77, 0x77, 0x77, 0x77, 0x77,
    0x74, 0x9f, 0xff, 0xff, 0xff, 0xff, 0xff, 0xfe,
    0x9e, 0x9, 0xe5, 0xff, 0xff, 0xff, 0xfe, 0x9f,
    0x8c, 0xfa, 0xff, 0xff, 0xff, 0xfe, 0x7f, 0xff,
    0xff, 0xff, 0xff, 0xff, 0xfc, 0x0, 0x0, 0x0,
    0x0, 0x0, 0x0, 0x0, 0x27, 0x77, 0x77, 0x77,
    0x77, 0x77, 0x74, 0x9f, 0xff, 0xff, 0xff, 0xff,
    0xff, 0xfe, 0x9e, 0x9, 0xe5, 0xff, 0xff, 0xff,
    0xfe, 0x9f, 0x7c, 0xfa, 0xff, 0xff, 0xff, 0xfe,
    0x7f, 0xff, 0xff, 0xff, 0xff, 0xff, 0xfc, 0x0,
    0x0, 0x0, 0x0, 0x0, 0x0, 0x0,

    /* U+F0493 "󰒓" */
    0x0, 0x0, 0x6, 0xcc, 0xc2, 0x0, 0x0, 0x0,
    0x0, 0x0, 0xaf, 0xff, 0x50, 0x0, 0x0, 0x3,
    0x50, 0x2d, 0xff, 0xfa, 0x11, 0x61, 0x0, 0xdf,
    0xef, 0xff, 0xff, 0xfe, 0xff, 0x90, 0x7f, 0xff,
    0xff, 0xff, 0xff, 0xff, 0xff, 0x3c, 0xff, 0xff,
    0xc3, 0x15, 0xef, 0xff, 0xf8, 0x1b, 0xff, 0xf1,
    0x0, 0x5, 0xff, 0xf7, 0x0, 0x4f, 0xfc, 0x0,
    0x0, 0xf, 0xff, 0x0, 0x8, 0xff, 0xe0, 0x0,
    0x3, 0xff, 0xf3, 0xa, 0xff, 0xff, 0x90, 0x2,
    0xdf, 0xff, 0xf6, 0x9f, 0xff, 0xff, 0xfd, 0xff,
    0xff, 0xff, 0x51, 0xff, 0xff, 0xff, 0xff, 0xff,
    0xff, 0xc0, 0x6, 0x93, 0x5e, 0xff, 0xfc, 0x34,
    0xa2, 0x0, 0x0, 0x0, 0xaf, 0xff, 0x60, 0x0,
    0x0, 0x0, 0x0, 0x8, 0xff, 0xf3, 0x0, 0x0,
    0x0, 0x0, 0x0, 0x0, 0x0, 0x0, 0x0, 0x0,

    /* U+F0494 "󰒔" */
    0x4e, 0xff, 0xff, 0xff, 0xff, 0xff, 0xe5, 0xbf,
    0xff, 0xff, 0x88, 0xcf, 0xff, 0xfb, 0xbf, 0xff,
    0xfc, 0x0, 0x5f, 0xff, 0xfc, 0xbf, 0xc2, 0x72,
    0x0, 0x6, 0x2c, 0xfc, 0xbf, 0x30, 0x0, 0x0,
    0x0, 0x3, 0xfc, 0xbf, 0x50, 0x0, 0x9c, 0x30,
    0x4, 0xfc, 0xbf, 0xf1, 0x3, 0xff, 0xb0, 0xf,
    0xfc, 0xbf, 0xa0, 0x1, 0xef, 0x60, 0x9, 0xfc,
    0xbf, 0x10, 0x0, 0x1, 0x0, 0x1, 0xfc, 0xbf,
    0x90, 0x10, 0x0, 0x0, 0x8, 0xfc, 0xbf, 0xfb,
    0xf9, 0x0, 0x4f, 0xcf, 0xfc, 0xbf, 0xff, 0xfd,
    0x0, 0x7f, 0xff, 0xfc, 0x9f, 0xff, 0xff, 0xff,
    0xff, 0xff, 0xfa, 0x7, 0x88, 0x88, 0x88, 0x88,
    0x88, 0x71,

    /* U+F04DB "󰓛" */
    0x2f, 0xff, 0xff, 0xff, 0xfd, 0x2f, 0xff, 0xff,
    0xff, 0xfd, 0x2f, 0xff, 0xff, 0xff, 0xfd, 0x2f,
    0xff, 0xff, 0xff, 0xfd, 0x2f, 0xff, 0xff, 0xff,
    0xfd, 0x2f, 0xff, 0xff, 0xff, 0xfd, 0x2f, 0xff,
    0xff, 0xff, 0xfd, 0x2f, 0xff, 0xff, 0xff, 0xfd,
    0x2f, 0xff, 0xff, 0xff, 0xfd, 0x0, 0x0, 0x0,
    0x0, 0x0,

    /* U+F0504 "󰔄" */
    0x3, 0x97, 0x0, 0x0, 0x0, 0x0, 0x0, 0x2f,
    0xff, 0xa0, 0x0, 0x0, 0x10, 0x0, 0x6f, 0x29,
    0xf0, 0x2, 0xaf, 0xff, 0xc4, 0x4f, 0xce, 0xc0,
    0x4f, 0xff, 0xff, 0xf8, 0x7, 0xdb, 0x22, 0xff,
    0xe6, 0x34, 0xb2, 0x0, 0x0, 0x9, 0xfe, 0x10,
    0x0, 0x0, 0x0, 0x0, 0xd, 0xf7, 0x0, 0x0,
    0x0, 0x0, 0x0, 0xf, 0xf4, 0x0, 0x0, 0x0,
    0x0, 0x0, 0xd, 0xf7, 0x0, 0x0, 0x0, 0x0,
    0x0, 0x9, 0xfe, 0x10, 0x0, 0x0, 0x0, 0x0,
    0x2, 0xff, 0xd5, 0x24, 0x80, 0x0, 0x0, 0x0,
    0x4f, 0xff, 0xff, 0xf3, 0x0, 0x0, 0x0, 0x2,
    0xaf, 0xff, 0xc3, 0x0, 0x0, 0x0, 0x0, 0x0,
    0x10, 0x0,

    /* U+F050A "󰔊" */
    0x0, 0x0, 0x0, 0x0, 0x3b, 0xbb, 0xbb, 0xa1,
    0x0, 0x0, 0x0, 0x0, 0xcf, 0xff, 0xff, 0xf8,
    0x0, 0x0, 0x0, 0x0, 0xdf, 0xff, 0xff, 0xfa,
    0x0, 0x0, 0x0, 0x0, 0xdf, 0xff, 0xff, 0xfa,
    0x0, 0x0, 0xaf, 0x60, 0xdf, 0xff, 0xff, 0xf9,
    0x0, 0x1, 0xff, 0xd0, 0x9f, 0xff, 0xff, 0xf6,
    0x0, 0x2, 0xff, 0xd0, 0x3, 0x44, 0x7f, 0x80,
    0x0, 0x2, 0xff, 0xd0, 0x0, 0x0, 0x98, 0x0,
    0x0, 0x2, 0xff, 0xd0, 0x0, 0x0, 0x50, 0x0,
    0x3b, 0x21, 0xff, 0xc0, 0xa7, 0x0, 0x0, 0x0,
    0x2f, 0x70, 0x6b, 0x33, 0xf7, 0x0, 0x0, 0x0,
    0xa, 0xf7, 0x0, 0x4e, 0xe1, 0x0, 0x0, 0x0,
    0x0, 0x9f, 0xff, 0xfe, 0x30, 0x0, 0x0, 0x0,
    0x0, 0x2, 0xaf, 0x60, 0x0, 0x0, 0x0, 0x0,
    0x0, 0x0, 0x6f, 0x10, 0x0, 0x0, 0x0, 0x0,
    0x0, 0x0, 0x0, 0x0, 0x0, 0x0, 0x0, 0x0,

    /* U+F0547 "󰕇" */
    0x0, 0x7, 0x11, 0x88, 0x88, 0x88, 0x50, 0x0,
    0x0, 0x9f, 0xc1, 0x7f, 0xff, 0xff, 0xf4, 0x0,
    0x9, 0xff, 0xfd, 0x10, 0x0, 0x1, 0xf6, 0x0,
    0x27, 0x7f, 0xa7, 0x40, 0x0, 0x1, 0xf6, 0x0,
    0x0, 0x1f, 0x60, 0x0, 0x0, 0x1, 0xf6, 0x0,
    0x0, 0x1f, 0x60, 0x0, 0x0, 0x1, 0xf6, 0x0,
    0x0, 0x1f, 0x60, 0x0, 0x2, 0x89, 0xfb, 0x84,
    0x0, 0x1f, 0x60, 0x0, 0x0, 0x8f, 0xff, 0xc0,
    0x0, 0xe, 0xff, 0xff, 0xfc, 0x8, 0xfb, 0x0,
    0x0, 0x2, 0x77, 0x77, 0x77, 0x40, 0x50, 0x0,

    /* U+F057E "󰕾" */
    0x0, 0x0, 0x0, 0x0, 0x28, 0x20, 0x0, 0x0,
    0x0, 0x0, 0xa1, 0x2f, 0xf5, 0x0, 0x0, 0x0,
    0xa, 0xf1, 0x1, 0xbf, 0x50, 0x0, 0x0, 0xaf,
    0xf1, 0x0, 0xc, 0xe0, 0x57, 0x7b, 0xff, 0xf1,
    0x2b, 0x3, 0xf6, 0xaf, 0xff, 0xff, 0xf1, 0x2f,
    0x60, 0xea, 0xaf, 0xff, 0xff, 0xf1, 0x2f, 0xa0,
    0xbc, 0xaf, 0xff, 0xff, 0xf1, 0x2f, 0x80, 0xcb,
    0xaf, 0xff, 0xff, 0xf1, 0x2f, 0x20, 0xf9, 0x0,
    0x4, 0xff, 0xf1, 0x24, 0x7, 0xf3, 0x0, 0x0,
    0x3f, 0xf1, 0x0, 0x4f, 0xa0, 0x0, 0x0, 0x3,
    0xf1, 0x9, 0xfc, 0x10, 0x0, 0x0, 0x0, 0x30,
    0x2f, 0x90, 0x0, 0x0, 0x0, 0x0, 0x0, 0x1,
    0x0, 0x0,

    /* U+F0580 "󰖀" */
    0x0, 0x0, 0x0, 0x0, 0x0, 0x0, 0x0, 0x0,
    0x1a, 0x0, 0x0, 0x0, 0x0, 0x1d, 0xd0, 0x0,
    0x0, 0x0, 0x1d, 0xfd, 0x0, 0x0, 0x77, 0x7d,
    0xff, 0xd0, 0xc3, 0xe, 0xff, 0xff, 0xfd, 0xc,
    0xc0, 0xef, 0xff, 0xff, 0xd0, 0xcf, 0xe, 0xff,
    0xff, 0xfd, 0xc, 0xf0, 0xef, 0xff, 0xff, 0xd0,
    0xc8, 0x0, 0x0, 0x7f, 0xfd, 0x6, 0x0, 0x0,
    0x0, 0x7f, 0xd0, 0x0, 0x0, 0x0, 0x0, 0x7d,
    0x0, 0x0, 0x0, 0x0, 0x0, 0x40, 0x0, 0x0,

    /* U+F059F "󰖟" */
    0x0, 0x0, 0x3, 0x8b, 0xb9, 0x40, 0x0, 0x0,
    0x0, 0x1, 0xbf, 0xff, 0xff, 0xfd, 0x40, 0x0,
    0x0, 0x3e, 0xe7, 0xfb, 0x7f, 0x8c, 0xf6, 0x0,
    0x0, 0xdd, 0x16, 0xf3, 0xe, 0xb0, 0xaf, 0x40,
    0x8, 0xf6, 0x3c, 0xe3, 0x3a, 0xf4, 0x4e, 0xd0,
    0xe, 0xff, 0xff, 0xff, 0xff, 0xff, 0xff, 0xf3,
    0x2f, 0x73, 0x5f, 0x83, 0x34, 0xf9, 0x34, 0xf7,
    0x4f, 0x20, 0x3f, 0x40, 0x0, 0xf8, 0x0, 0xe9,
    0x4f, 0x30, 0x3f, 0x50, 0x0, 0xf7, 0x0, 0xe8,
    0x2f, 0xa8, 0x9f, 0xb8, 0x89, 0xfb, 0x88, 0xf6,
    0xd, 0xff, 0xff, 0xff, 0xff, 0xff, 0xff, 0xf2,
    0x6, 0xf5, 0xa, 0xe0, 0xa, 0xe0, 0x1e, 0xa0,
    0x0, 0xcf, 0x44, 0xf5, 0x1f, 0x92, 0xde, 0x10,
    0x0, 0x1c, 0xfb, 0xfd, 0xaf, 0xbf, 0xe3, 0x0,
    0x0, 0x0, 0x7e, 0xff, 0xff, 0xf9, 0x10, 0x0,
    0x0, 0x0, 0x0, 0x36, 0x64, 0x0, 0x0, 0x0,

    /* U+F05A7 "󰖧" */
    0x0, 0x0, 0x0, 0x23, 0x0, 0x0, 0x0, 0x0,
    0x0, 0x0, 0x9d, 0x0, 0x0, 0x0, 0x2, 0x0,
    0x0, 0x9d, 0x0, 0x0, 0x30, 0xe, 0xc0, 0x0,
    0x0, 0x0, 0x8, 0xf3, 0x4, 0x80, 0x0, 0x0,
    0x0, 0x5, 0x80, 0x0, 0x0, 0x0, 0x0, 0x0,
    0x0, 0x0, 0x0, 0x88, 0x88, 0x88, 0x88, 0x88,
    0x30, 0x1, 0xff, 0xff, 0xff, 0xff, 0xff, 0x50,
    0x1, 0xff, 0xff, 0xff, 0xff, 0xff, 0x50, 0x1,
    0xff, 0xff, 0xff, 0xff, 0xff, 0x50, 0x1, 0xff,
    0xff, 0xff, 0xff, 0xff, 0x50, 0x0, 0x0, 0x0,
    0x0, 0x0, 0x0, 0x0, 0x0, 0x10, 0x0, 0x0,
    0x0, 0x0, 0x10, 0xa, 0xd0, 0x0, 0x0, 0x0,
    0x9, 0xd1, 0xb, 0x70, 0x0, 0x23, 0x0, 0x3,
    0xd1, 0x0, 0x0, 0x0, 0x9d, 0x0, 0x0, 0x0,
    0x0, 0x0, 0x0, 0x9d, 0x0, 0x0, 0x0,

    /* U+F05A9 "󰖩" */
    0x0, 0x2, 0x6b, 0xde, 0xfd, 0xc8, 0x30, 0x0,
    0x0, 0x3b, 0xff, 0xff, 0xff, 0xff, 0xff, 0xc5,
    0x0, 0x8f, 0xff, 0xea, 0x65, 0x46, 0x8d, 0xff,
    0xfb, 0x6, 0xfd, 0x50, 0x0, 0x0, 0x0, 0x3,
    0xbf, 0xa0, 0x6, 0x0, 0x0, 0x35, 0x54, 0x0,
    0x0, 0x51, 0x0, 0x0, 0x19, 0xff, 0xff, 0xff,
    0xb3, 0x0, 0x0, 0x0, 0x1e, 0xff, 0xfe, 0xef,
    0xff, 0xf4, 0x0, 0x0, 0x0, 0x6e, 0x61, 0x0,
    0x4, 0xcb, 0x0, 0x0, 0x0, 0x0, 0x0, 0x0,
    0x0, 0x0, 0x0, 0x0, 0x0, 0x0, 0x0, 0x18,
    0xcd, 0xa2, 0x0, 0x0, 0x0, 0x0, 0x0, 0x3,
    0xff, 0xff, 0x70, 0x0, 0x0, 0x0, 0x0, 0x0,
    0x7, 0xff, 0xb0, 0x0, 0x0, 0x0, 0x0, 0x0,
    0x0, 0xb, 0xe1, 0x0, 0x0, 0x0, 0x0, 0x0,
    0x0, 0x0, 0x13, 0x0, 0x0, 0x0, 0x0,

    /* U+F05AA "󰖪" */
    0x8, 0x60, 0x6, 0xad, 0xef, 0xec, 0x84, 0x0,
    0x0, 0x7, 0xf6, 0xa, 0xff, 0xff, 0xff, 0xff,
    0xd6, 0x0, 0x7, 0xff, 0x60, 0x76, 0x44, 0x58,
    0xcf, 0xff, 0xc1, 0x4, 0xfe, 0xf6, 0x0, 0x0,
    0x0, 0x2, 0x9f, 0xb0, 0x0, 0x40, 0x7f, 0x60,
    0x27, 0x52, 0x0, 0x3, 0x10, 0x0, 0x0, 0x1e,
    0xf6, 0xa, 0xff, 0xd5, 0x0, 0x0, 0x0, 0x0,
    0xef, 0xff, 0x60, 0xaf, 0xff, 0x60, 0x0, 0x0,
    0x0, 0x4d, 0x57, 0xf6, 0x2, 0xab, 0x0, 0x0,
    0x0, 0x0, 0x0, 0x0, 0x7f, 0x60, 0x0, 0x0,
    0x0, 0x0, 0x0, 0x0, 0x19, 0xef, 0xf6, 0x0,
    0x0, 0x0, 0x0, 0x0, 0x0, 0x1e, 0xff, 0xff,
    0x60, 0x0, 0x0, 0x0, 0x0, 0x0, 0x4, 0xff,
    0xb7, 0xf6, 0x0, 0x0, 0x0, 0x0, 0x0, 0x0,
    0x8e, 0x10, 0x7f, 0x30, 0x0, 0x0, 0x0, 0x0,
    0x0, 0x2, 0x0, 0x4, 0x0, 0x0,

    /* U+F05AD "󰖭" */
    0x7, 0x10, 0x0, 0x0, 0x0, 0x72, 0xf, 0xd1,
    0x0, 0x0, 0xa, 0xf4, 0x4, 0xfd, 0x10, 0x0,
    0xaf, 0x70, 0x0, 0x4f, 0xd1, 0xa, 0xf7, 0x0,
    0x0, 0x4, 0xfd, 0xbf, 0x70, 0x0, 0x0, 0x0,
    0x4f, 0xf8, 0x0, 0x0, 0x0, 0x0, 0xaf, 0xfd,
    0x10, 0x0, 0x0, 0xa, 0xf7, 0x3f, 0xd1, 0x0,
    0x0, 0xaf, 0x70, 0x4, 0xfd, 0x10, 0xa, 0xf7,
    0x0, 0x0, 0x4f, 0xd1, 0x1f, 0x70, 0x0, 0x0,
    0x4, 0xf6,

    /* U+F0618 "󰘘" */
    0x0, 0x24, 0x0, 0x0, 0x0, 0x0, 0x0, 0x24,
    0x0, 0x0, 0x9f, 0x0, 0x0, 0x0, 0x0, 0x0,
    0x9f, 0x0, 0x0, 0x9f, 0xb3, 0x0, 0x0, 0x0,
    0x18, 0xef, 0x0, 0x0, 0x9f, 0x1c, 0xb7, 0x54,
    0x6a, 0xe4, 0x9f, 0x0, 0x0, 0x9f, 0x9, 0x37,
    0xb7, 0xc1, 0xc0, 0x9f, 0x0, 0x0, 0x9f, 0x9,
    0x35, 0x71, 0xb0, 0xc0, 0x9f, 0x0, 0x1f, 0xff,
    0xff, 0xff, 0xff, 0xff, 0xff, 0xff, 0xf7, 0x7,
    0xcf, 0x77, 0x77, 0x77, 0x77, 0x77, 0xcf, 0x73,
    0x0, 0x8e, 0x0, 0x0, 0x0, 0x0, 0x0, 0x8e,
    0x0,

    /* U+F064B "󰙋" */
    0x0, 0x0, 0xa, 0xd3, 0x0, 0x0, 0x0, 0x0,
    0x4, 0xff, 0xa0, 0x0, 0x0, 0x0, 0x0, 0x1e,
    0xf5, 0x0, 0x0, 0x0, 0x0, 0x1, 0x23, 0x10,
    0x0, 0x0, 0x0, 0x4, 0xff, 0xff, 0xa0, 0x0,
    0x0, 0x4, 0xff, 0xff, 0xff, 0xa0, 0x0, 0x4,
    0xfd, 0xff, 0xff, 0xdf, 0xa0, 0x5, 0xfc, 0x2f,
    0xff, 0xf6, 0x7f, 0xa0, 0x6c, 0x1, 0xff, 0xff,
    0x60, 0x7b, 0x0, 0x0, 0x1f, 0xff, 0xf6, 0x0,
    0x0, 0x0, 0x1, 0xfc, 0xaf, 0x60, 0x0, 0x0,
    0x0, 0x1f, 0x61, 0xf6, 0x0, 0x0, 0x0, 0x1,
    0xf6, 0x1f, 0x60, 0x0, 0x0, 0x0, 0x1f, 0x61,
    0xf6, 0x0, 0x0, 0x0, 0x1, 0xf6, 0x1f, 0x60,
    0x0, 0x0, 0x0, 0x1d, 0x61, 0xd6, 0x0, 0x0,

    /* U+F065C "󰙜" */
    0x0, 0x47, 0x77, 0x77, 0x76, 0x0, 0x0, 0x9f,
    0xff, 0xff, 0xfe, 0x0, 0x1f, 0xff, 0xff, 0xff,
    0xff, 0xf5, 0x1f, 0xff, 0xff, 0xff, 0xff, 0xf6,
    0x4, 0x4e, 0xff, 0xff, 0xf6, 0x41, 0x1f, 0x5d,
    0xff, 0xff, 0xf3, 0xf5, 0x1f, 0x6d, 0xff, 0xff,
    0xf3, 0xf6, 0x1f, 0x6d, 0xff, 0xff, 0xf3, 0xf6,
    0x1f, 0x5c, 0xff, 0xff, 0xf3, 0xf5, 0x0, 0x0,
    0x2, 0x40, 0x0, 0x0, 0x0, 0x0, 0x9, 0xe0,
    0x0, 0x0, 0x0, 0x0, 0x9, 0xe0, 0x0, 0x0,
    0x0, 0x0, 0x9, 0xe0, 0x0, 0x0, 0x0, 0x0,
    0x9, 0xe0, 0x0, 0x0, 0x0, 0x0, 0x9, 0xd0,
    0x0, 0x0,

    /* U+F06A9 "󰚩" */
    0x0, 0x0, 0x0, 0x0, 0xad, 0x40, 0x0, 0x0,
    0x0, 0x0, 0x0, 0x0, 0x3, 0xff, 0xb0, 0x0,
    0x0, 0x0, 0x0, 0x0, 0x0, 0x0, 0xef, 0x60,
    0x0, 0x0, 0x0, 0x0, 0x0, 0x0, 0x0, 0x7f,
    0x0, 0x0, 0x0, 0x0, 0x0, 0x0, 0x7, 0xdf,
    0xff, 0xfe, 0x91, 0x0, 0x0, 0x0, 0x1, 0xdf,
    0xff, 0xff, 0xff, 0xfe, 0x30, 0x0, 0x0, 0xc,
    0xff, 0xff, 0xff, 0xff, 0xff, 0xd0, 0x0, 0x0,
    0x4f, 0xff, 0xff, 0xff, 0xff, 0xff, 0xf5, 0x0,
    0x0, 0x8f, 0xe9, 0xaf, 0xff, 0xfd, 0x8d, 0xf9,
    0x0, 0xa, 0xef, 0x20, 0x8, 0xff, 0xe1, 0x1,
    0xfe, 0xb0, 0x1f, 0xff, 0x0, 0x5, 0xff, 0xd0,
    0x0, 0xef, 0xf3, 0x1f, 0xff, 0x80, 0x1c, 0xff,
    0xf5, 0x6, 0xff, 0xf3, 0xb, 0xef, 0xff, 0xff,
    0xff, 0xff, 0xff, 0xfe, 0xb1, 0x0, 0x9f, 0xff,
    0xff, 0xff, 0xff, 0xff, 0xfa, 0x0, 0x0, 0x3e,
    0xff, 0xff, 0xff, 0xff, 0xff, 0xf4, 0x0, 0x0,
    0x0, 0x0, 0x0, 0x0, 0x0, 0x0, 0x0, 0x0,

    /* U+F06F3 "󰛳" */
    0x0, 0x2, 0x89, 0x99, 0x99, 0x99, 0x60, 0x0,
    0x0, 0xd, 0xff, 0xff, 0xff, 0xff, 0xf6, 0x0,
    0x0, 0xf, 0xff, 0xff, 0xff, 0xff, 0xf8, 0x0,
    0x0, 0xf, 0xff, 0xff, 0xff, 0xff, 0xf8, 0x0,
    0x0, 0xf, 0xff, 0xff, 0xff, 0xff, 0xf8, 0x0,
    0x0, 0xf, 0xff, 0xff, 0xff, 0xff, 0xf8, 0x0,
    0x0, 0xf, 0xff, 0xff, 0xff, 0xff, 0xf8, 0x0,
    0x0, 0xf, 0xff, 0xff, 0xff, 0xff, 0xf8, 0x0,
    0x0, 0xf, 0xff, 0xff, 0xff, 0xff, 0xf8, 0x0,
    0x0, 0xf, 0xff, 0xff, 0xff, 0xff, 0xf7, 0x0,
    0x0, 0x7, 0xef, 0xff, 0xff, 0xff, 0xc1, 0x0,
    0x0, 0x0, 0x0, 0x9, 0xe0, 0x0, 0x0, 0x0,
    0x0, 0x0, 0x0, 0xae, 0xfb, 0x20, 0x0, 0x0,
    0x1f, 0xff, 0xff, 0xff, 0xff, 0xff, 0xff, 0xfd,
    0x18, 0x88, 0x88, 0xff, 0xff, 0xa8, 0x88, 0x86,
    0x0, 0x0, 0x0, 0x24, 0x43, 0x0, 0x0, 0x0,

    /* U+F06F6 "󰛶" */
    0x0, 0x2, 0x89, 0x99, 0x99, 0x99, 0x60, 0x0,
    0x0, 0xd, 0xff, 0xff, 0xff, 0xff, 0xf6, 0x0,
    0x0, 0xf, 0xff, 0xfd, 0xaf, 0xff, 0xf8, 0x0,
    0x0, 0xf, 0xff, 0xd1, 0x9, 0xff, 0xf8, 0x0,
    0x0, 0xf, 0xfd, 0x10, 0x0, 0x9f, 0xf8, 0x0,
    0x0, 0xf, 0xf7, 0x52, 0x5, 0x5d, 0xf8, 0x0,
    0x0, 0xf, 0xff, 0xf6, 0x2f, 0xff, 0xf8, 0x0,
    0x0, 0xf, 0xff, 0xf6, 0x2f, 0xff, 0xf8, 0x0,
    0x0, 0xf, 0xff, 0xfb, 0x8f, 0xff, 0xf8, 0x0,
    0x0, 0xf, 0xff, 0xff, 0xff, 0xff, 0xf7, 0x0,
    0x0, 0x7, 0xef, 0xff, 0xff, 0xff, 0xc1, 0x0,
    0x0, 0x0, 0x0, 0x9, 0xe0, 0x0, 0x0, 0x0,
    0x0, 0x0, 0x0, 0xae, 0xfb, 0x20, 0x0, 0x0,
    0x1f, 0xff, 0xff, 0xff, 0xff, 0xff, 0xff, 0xfd,
    0x18, 0x88, 0x88, 0xff, 0xff, 0xa8, 0x88, 0x86,
    0x0, 0x0, 0x0, 0x24, 0x43, 0x0, 0x0, 0x0,

    /* U+F0709 "󰜉" */
    0x0, 0x0, 0x0, 0x1, 0x0, 0x0, 0x0, 0x0,
    0x0, 0x1, 0xc2, 0x0, 0x0, 0x0, 0x0, 0x0,
    0x1c, 0xf2, 0x0, 0x0, 0x0, 0x0, 0x1, 0xcf,
    0xff, 0xc7, 0x0, 0x0, 0x0, 0x4, 0xff, 0xfa,
    0xcf, 0xd2, 0x0, 0x0, 0x0, 0x5f, 0xf2, 0x3,
    0xed, 0x0, 0x4, 0x80, 0x5, 0xf2, 0x0, 0x3f,
    0x80, 0xa, 0xf0, 0x0, 0x52, 0x0, 0xa, 0xe0,
    0xc, 0xb0, 0x0, 0x0, 0x0, 0x7, 0xf0, 0xd,
    0xb0, 0x0, 0x0, 0x0, 0x7, 0xf0, 0xa, 0xe0,
    0x0, 0x0, 0x0, 0xa, 0xe0, 0x5, 0xf7, 0x0,
    0x0, 0x0, 0x2f, 0x80, 0x0, 0xbf, 0x70, 0x0,
    0x3, 0xed, 0x0, 0x0, 0xb, 0xf3, 0x38, 0xbf,
    0xd2, 0x0, 0x0, 0x0, 0x50, 0x8f, 0xd8, 0x10,
    0x0, 0x0, 0x0, 0x0, 0x0, 0x0, 0x0, 0x0,

    /* U+F073A "󰜺" */
    0x0, 0x0, 0x1, 0x68, 0x97, 0x30, 0x0, 0x0,
    0x0, 0x1, 0xaf, 0xfe, 0xef, 0xfc, 0x30, 0x0,
    0x0, 0x2e, 0xf7, 0x10, 0x0, 0x6d, 0xf5, 0x0,
    0x0, 0xdf, 0xc0, 0x0, 0x0, 0x1, 0xbf, 0x30,
    0x8, 0xf7, 0xfc, 0x0, 0x0, 0x0, 0xd, 0xc0,
    0xe, 0x90, 0x4f, 0xc0, 0x0, 0x0, 0x5, 0xf3,
    0x2f, 0x40, 0x4, 0xfc, 0x0, 0x0, 0x0, 0xf7,
    0x4f, 0x20, 0x0, 0x3f, 0xc1, 0x0, 0x0, 0xe9,
    0x4f, 0x30, 0x0, 0x3, 0xfc, 0x10, 0x0, 0xe8,
    0x1f, 0x60, 0x0, 0x0, 0x3f, 0xc1, 0x2, 0xf6,
    0xc, 0xc0, 0x0, 0x0, 0x3, 0xfd, 0x19, 0xf1,
    0x5, 0xf7, 0x0, 0x0, 0x0, 0x3f, 0xdf, 0x90,
    0x0, 0x9f, 0x80, 0x0, 0x0, 0x7, 0xfd, 0x0,
    0x0, 0x9, 0xfe, 0x85, 0x46, 0xbf, 0xc1, 0x0,
    0x0, 0x0, 0x4b, 0xff, 0xff, 0xd6, 0x0, 0x0,
    0x0, 0x0, 0x0, 0x2, 0x31, 0x0, 0x0, 0x0,

    /* U+F0766 "󰝦" */
    0x0, 0x0, 0x2, 0x68, 0x97, 0x30, 0x0, 0x0,
    0x0, 0x1, 0xaf, 0xff, 0xef, 0xfc, 0x30, 0x0,
    0x0, 0x2e, 0xf8, 0x10, 0x0, 0x6d, 0xf5, 0x0,
    0x1, 0xee, 0x20, 0x0, 0x0, 0x1, 0xbf, 0x30,
    0x8, 0xf3, 0x0, 0x0, 0x0, 0x0, 0xd, 0xc0,
    0xe, 0xa0, 0x0, 0x0, 0x0, 0x0, 0x5, 0xf3,
    0x3f, 0x40, 0x0, 0x0, 0x0, 0x0, 0x0, 0xf7,
    0x4f, 0x20, 0x0, 0x0, 0x0, 0x0, 0x0, 0xe9,
    0x4f, 0x30, 0x0, 0x0, 0x0, 0x0, 0x0, 0xe8,
    0x1f, 0x60, 0x0, 0x0, 0x0, 0x0, 0x2, 0xf6,
    0xd, 0xd0, 0x0, 0x0, 0x0, 0x0, 0x8, 0xf1,
    0x5, 0xf7, 0x0, 0x0, 0x0, 0x0, 0x3f, 0x90,
    0x0, 0xaf, 0x80, 0x0, 0x0, 0x5, 0xfd, 0x10,
    0x0, 0x9, 0xfe, 0x85, 0x46, 0xcf, 0xc1, 0x0,
    0x0, 0x0, 0x4b, 0xff, 0xff, 0xd6, 0x0, 0x0,
    0x0, 0x0, 0x0, 0x2, 0x31, 0x0, 0x0, 0x0,

    /* U+F07D0 "󰟐" */
    0x0, 0x0, 0x0, 0x0, 0x0, 0x0, 0x0, 0x0,
    0x0, 0x0, 0x0, 0x0, 0xcd, 0x10, 0x0, 0x0,
    0x0, 0x0, 0x0, 0x0, 0xcf, 0xfd, 0x20, 0x0,
    0x0, 0x0, 0x0, 0x0, 0xce, 0x78, 0xfe, 0x36,
    0x20, 0x0, 0x0, 0x0, 0xcf, 0x67, 0x77, 0xff,
    0xf5, 0x0, 0x0, 0x1, 0xcf, 0xf7, 0x54, 0x8f,
    0xff, 0x50, 0x0, 0x1, 0xcf, 0xff, 0xf1, 0x1f,
    0xff, 0xfe, 0x20, 0x1, 0xcf, 0xb2, 0x8f, 0x22,
    0xf8, 0x29, 0xfe, 0x30, 0x7c, 0xf3, 0xd1, 0xf2,
    0x2f, 0x1e, 0x1f, 0xca, 0x0, 0xe, 0x43, 0xc,
    0x22, 0xc0, 0x32, 0xf1, 0x0, 0x0, 0xee, 0x94,
    0x10, 0x1, 0x39, 0xef, 0x10, 0x0, 0xe, 0xff,
    0xf3, 0x0, 0x3f, 0xff, 0xf1, 0x0, 0x0, 0xef,
    0xff, 0xf1, 0x1f, 0xff, 0xff, 0x10, 0x0, 0xe,
    0xff, 0xff, 0x22, 0xff, 0xff, 0xf1, 0x0, 0x0,
    0xef, 0xff, 0xf1, 0x1f, 0xff, 0xff, 0x10, 0x0,

    /* U+F0849 "󰡉" */
    0x0, 0x0, 0x0, 0x4, 0xbc, 0x60, 0x0, 0x0,
    0x0, 0x0, 0x0, 0x0, 0x3, 0xff, 0xff, 0x50,
    0x0, 0x0, 0x0, 0x0, 0x6e, 0xd0, 0x8f, 0xff,
    0xfa, 0xa, 0xe9, 0x0, 0x0, 0x2f, 0xff, 0x6,
    0xff, 0xff, 0x90, 0xef, 0xf6, 0x0, 0x4, 0xff,
    0xf6, 0xc, 0xff, 0xe1, 0x4f, 0xff, 0x90, 0x0,
    0x1e, 0xff, 0x90, 0x4, 0x50, 0x6, 0xff, 0xf4,
    0x0, 0x0, 0x29, 0x80, 0x0, 0x0, 0x0, 0x6,
    0x94, 0x0, 0x0, 0x0, 0x0, 0x17, 0xce, 0xec,
    0x82, 0x0, 0x0, 0x0, 0x8, 0xd1, 0x3e, 0xff,
    0xff, 0xff, 0xf4, 0xd, 0x91, 0xb, 0xfc, 0xb,
    0xff, 0xff, 0xff, 0xff, 0xe0, 0x9f, 0xd0, 0xef,
    0xb0, 0xdf, 0xff, 0xff, 0xff, 0xff, 0x9, 0xff,
    0x12, 0x32, 0x2, 0x33, 0x33, 0x33, 0x33, 0x20,
    0x13, 0x30,

    /* U+F0868 "󰡨" */
    0x0, 0x0, 0x0, 0x6, 0xa0, 0x0, 0x0, 0x0,
    0x0, 0x0, 0x0, 0x7, 0xc0, 0x0, 0x0, 0x0,
    0x0, 0x3, 0xfa, 0xfa, 0xf0, 0x0, 0x40, 0x0,
    0x0, 0x44, 0xc8, 0xc7, 0xc3, 0x30, 0xf7, 0x0,
    0x1, 0xfb, 0xfb, 0xfa, 0xfa, 0xe0, 0xff, 0xe7,
    0x29, 0xba, 0xba, 0xba, 0xba, 0xbb, 0xff, 0xb2,
    0x4f, 0xff, 0xff, 0xff, 0xff, 0xff, 0xf2, 0x0,
    0x2f, 0xff, 0xff, 0xff, 0xff, 0xff, 0xa0, 0x0,
    0xd, 0xff, 0xff, 0xff, 0xff, 0xfd, 0x10, 0x0,
    0x4, 0xff, 0xff, 0xff, 0xff, 0xb1, 0x0, 0x0,
    0x0, 0x3b, 0xff, 0xfe, 0xb5, 0x0, 0x0, 0x0,
    0x0, 0x0, 0x0, 0x0, 0x0, 0x0, 0x0, 0x0,

    /* U+F08C0 "󰣀" */
    0x3, 0x44, 0x11, 0x44, 0x41, 0x30, 0x31, 0x2f,
    0xdd, 0x4d, 0xed, 0xd4, 0xc0, 0xd4, 0x2f, 0xa9,
    0x1d, 0xca, 0x74, 0xfc, 0xf4, 0x6, 0x7e, 0x44,
    0x78, 0xf4, 0xd3, 0xd4, 0x3f, 0xff, 0x3d, 0xff,
    0xd4, 0xc0, 0xd4, 0x0, 0x0, 0x0, 0x0, 0x0,
    0x0, 0x0,

    /* U+F08C6 "󰣆" */
    0x3, 0x88, 0x88, 0x88, 0x88, 0x88, 0x88, 0x88,
    0x50, 0xe, 0xff, 0xff, 0xff, 0xff, 0xff, 0xff,
    0xff, 0xf5, 0x1f, 0x60, 0x0, 0x0, 0x0, 0x0,
    0x0, 0x0, 0xf7, 0x1f, 0x60, 0x0, 0x0, 0x0,
    0x0, 0x0, 0x0, 0xf7, 0x1f, 0xff, 0xff, 0xff,
    0xff, 0xff, 0xff, 0xff, 0xf7, 0x1f, 0xff, 0xff,
    0xff, 0xff, 0xff, 0xff, 0xff, 0xf7, 0x1f, 0xff,
    0xff, 0xff, 0xff, 0xff, 0xff, 0xff, 0xf7, 0x1f,
    0xff, 0xff, 0xff, 0xff, 0xff, 0xff, 0xff, 0xf7,
    0x1f, 0xff, 0xff, 0xff, 0xff, 0xff, 0xff, 0xff,
    0xf7, 0x1f, 0xff, 0xff, 0xff, 0xff, 0xff, 0xff,
    0xff, 0xf7, 0x1f, 0xff, 0xff, 0xff, 0xff, 0xff,
    0xff, 0xff, 0xf7, 0x1f, 0xff, 0xff, 0xff, 0xff,
    0xff, 0xff, 0xff, 0xf7, 0x1f, 0xff, 0xff, 0xff,
    0xff, 0xff, 0xff, 0xff, 0xf7, 0x1f, 0xff, 0xff,
    0xff, 0xff, 0xff, 0xff, 0xff, 0xf7, 0xd, 0xff,
    0xff, 0xff, 0xff, 0xff, 0xff, 0xff, 0xf3, 0x0,
    0x33, 0x33, 0x33, 0x33, 0x33, 0x33, 0x33, 0x10,

    /* U+F091F "󰤟" */
    0x0, 0x0, 0x0, 0x0, 0x11, 0x0, 0x0, 0x0,
    0x0, 0x0, 0x0, 0x59, 0xdf, 0xff, 0xfe, 0xa6,
    0x10, 0x0, 0x0, 0x7e, 0xfe, 0xa7, 0x66, 0x7a,
    0xdf, 0xf9, 0x10, 0x3d, 0xfb, 0x40, 0x0, 0x0,
    0x0, 0x2, 0x9f, 0xe5, 0x2e, 0xd0, 0x0, 0x0,
    0x0, 0x0, 0x0, 0xa, 0xf5, 0x4, 0xfa, 0x0,
    0x0, 0x0, 0x0, 0x0, 0x6f, 0x80, 0x0, 0x7f,
    0x60, 0x0, 0x0, 0x0, 0x3, 0xfb, 0x0, 0x0,
    0xa, 0xf4, 0x0, 0x0, 0x0, 0x1e, 0xd1, 0x0,
    0x0, 0x0, 0xde, 0x36, 0x99, 0x72, 0xcf, 0x20,
    0x0, 0x0, 0x0, 0x2e, 0xff, 0xff, 0xff, 0xf5,
    0x0, 0x0, 0x0, 0x0, 0x4, 0xff, 0xff, 0xff,
    0x80, 0x0, 0x0, 0x0, 0x0, 0x0, 0x7f, 0xff,
    0xfb, 0x0, 0x0, 0x0, 0x0, 0x0, 0x0, 0xa,
    0xff, 0xd1, 0x0, 0x0, 0x0, 0x0, 0x0, 0x0,
    0x0, 0xdf, 0x20, 0x0, 0x0, 0x0, 0x0, 0x0,
    0x0, 0x0, 0x24, 0x0, 0x0, 0x0, 0x0,

    /* U+F0922 "󰤢" */
    0x0, 0x0, 0x0, 0x0, 0x11, 0x0, 0x0, 0x0,
    0x0, 0x0, 0x0, 0x59, 0xdf, 0xff, 0xfe, 0xa6,
    0x10, 0x0, 0x0, 0x7e, 0xfe, 0xa7, 0x66, 0x7a,
    0xdf, 0xf9, 0x10, 0x3d, 0xfb, 0x40, 0x0, 0x0,
    0x0, 0x2, 0x9f, 0xe5, 0x2e, 0xd0, 0x0, 0x0,
    0x0, 0x0, 0x0, 0xa, 0xf5, 0x4, 0xfa, 0x0,
    0x0, 0x0, 0x0, 0x0, 0x6f, 0x80, 0x0, 0x7f,
    0x71, 0x7b, 0xde, 0xc8, 0x23, 0xfb, 0x0, 0x0,
    0xa, 0xff, 0xff, 0xff, 0xff, 0xff, 0xd1, 0x0,
    0x0, 0x0, 0xdf, 0xff, 0xff, 0xff, 0xff, 0x20,
    0x0, 0x0, 0x0, 0x2e, 0xff, 0xff, 0xff, 0xf5,
    0x0, 0x0, 0x0, 0x0, 0x4, 0xff, 0xff, 0xff,
    0x80, 0x0, 0x0, 0x0, 0x0, 0x0, 0x7f, 0xff,
    0xfb, 0x0, 0x0, 0x0, 0x0, 0x0, 0x0, 0xa,
    0xff, 0xd1, 0x0, 0x0, 0x0, 0x0, 0x0, 0x0,
    0x0, 0xdf, 0x20, 0x0, 0x0, 0x0, 0x0, 0x0,
    0x0, 0x0, 0x24, 0x0, 0x0, 0x0, 0x0,

    /* U+F0925 "󰤥" */
    0x0, 0x0, 0x0, 0x0, 0x11, 0x0, 0x0, 0x0,
    0x0, 0x0, 0x0, 0x59, 0xdf, 0xff, 0xfe, 0xa6,
    0x10, 0x0, 0x0, 0x7e, 0xfe, 0xa7, 0x66, 0x7a,
    0xdf, 0xf9, 0x10, 0x3d, 0xfb, 0x40, 0x0, 0x0,
    0x0, 0x2, 0x9f, 0xe5, 0x2e, 0xd0, 0x0, 0x3,
    0x55, 0x40, 0x0, 0xa, 0xf5, 0x4, 0xf9, 0x3a,
    0xff, 0xff, 0xff, 0xb4, 0x6f, 0x80, 0x0, 0x7f,
    0xff, 0xff, 0xff, 0xff, 0xff, 0xfb, 0x0, 0x0,
    0xa, 0xff, 0xff, 0xff, 0xff, 0xff, 0xd1, 0x0,
    0x0, 0x0, 0xdf, 0xff, 0xff, 0xff, 0xff, 0x20,
    0x0, 0x0, 0x0, 0x2e, 0xff, 0xff, 0xff, 0xf5,
    0x0, 0x0, 0x0, 0x0, 0x4, 0xff, 0xff, 0xff,
    0x80, 0x0, 0x0, 0x0, 0x0, 0x0, 0x7f, 0xff,
    0xfb, 0x0, 0x0, 0x0, 0x0, 0x0, 0x0, 0xa,
    0xff, 0xd1, 0x0, 0x0, 0x0, 0x0, 0x0, 0x0,
    0x0, 0xdf, 0x20, 0x0, 0x0, 0x0, 0x0, 0x0,
    0x0, 0x0, 0x24, 0x0, 0x0, 0x0, 0x0,

    /* U+F0928 "󰤨" */
    0x0, 0x0, 0x0, 0x0, 0x22, 0x10, 0x0, 0x0,
    0x0, 0x0, 0x0, 0x6a, 0xef, 0xff, 0xff, 0xb7,
    0x10, 0x0, 0x0, 0x8e, 0xff, 0xff, 0xff, 0xff,
    0xff, 0xfa, 0x20, 0x3d, 0xff, 0xff, 0xff, 0xff,
    0xff, 0xff, 0xff, 0xf6, 0x1e, 0xff, 0xff, 0xff,
    0xff, 0xff, 0xff, 0xff, 0xf5, 0x4, 0xff, 0xff,
    0xff, 0xff, 0xff, 0xff, 0xff, 0x80, 0x0, 0x6f,
    0xff, 0xff, 0xff, 0xff, 0xff, 0xfb, 0x0, 0x0,
    0xa, 0xff, 0xff, 0xff, 0xff, 0xff, 0xd0, 0x0,
    0x0, 0x0, 0xcf, 0xff, 0xff, 0xff, 0xff, 0x20,
    0x0, 0x0, 0x0, 0x1e, 0xff, 0xff, 0xff, 0xf4,
    0x0, 0x0, 0x0, 0x0, 0x4, 0xff, 0xff, 0xff,
    0x70, 0x0, 0x0, 0x0, 0x0, 0x0, 0x6f, 0xff,
    0xfb, 0x0, 0x0, 0x0, 0x0, 0x0, 0x0, 0xa,
    0xff, 0xd0, 0x0, 0x0, 0x0, 0x0, 0x0, 0x0,
    0x0, 0xcf, 0x20, 0x0, 0x0, 0x0, 0x0, 0x0,
    0x0, 0x0, 0x14, 0x0, 0x0, 0x0, 0x0,

    /* U+F092D "󰤭" */
    0x0, 0x80, 0x0, 0x0, 0x0, 0x0, 0x0, 0x0,
    0x0, 0x1, 0xec, 0x0, 0x47, 0x99, 0x76, 0x20,
    0x0, 0x0, 0x0, 0x3f, 0xc0, 0x4f, 0xff, 0xff,
    0xfe, 0x71, 0x0, 0x5, 0xef, 0xfc, 0x4, 0xff,
    0xff, 0xff, 0xff, 0x70, 0x5f, 0xff, 0xff, 0xc0,
    0x4f, 0xff, 0xff, 0xff, 0xf9, 0xb, 0xff, 0xff,
    0xfc, 0x4, 0xff, 0xff, 0xff, 0xe1, 0x0, 0xdf,
    0xff, 0xff, 0xc0, 0x4f, 0xff, 0xff, 0x30, 0x0,
    0x2f, 0xff, 0xff, 0xfc, 0x4, 0xff, 0xf5, 0x0,
    0x0, 0x4, 0xff, 0xff, 0xff, 0xc0, 0x4f, 0x90,
    0x0, 0x0, 0x0, 0x8f, 0xff, 0xff, 0xfc, 0x3,
    0x0, 0x0, 0x0, 0x0, 0xb, 0xff, 0xff, 0xff,
    0xc0, 0x0, 0x0, 0x0, 0x0, 0x0, 0xdf, 0xff,
    0xff, 0xec, 0x0, 0x0, 0x0, 0x0, 0x0, 0x2f,
    0xff, 0xf5, 0x2e, 0xc0, 0x0, 0x0, 0x0, 0x0,
    0x4, 0xff, 0x80, 0x2, 0xd2, 0x0, 0x0, 0x0,
    0x0, 0x0, 0x8b, 0x0, 0x0, 0x0, 0x0, 0x0,
    0x0, 0x0, 0x0, 0x0, 0x0, 0x0, 0x0, 0x0,

    /* U+F092F "󰤯" */
    0x0, 0x0, 0x0, 0x0, 0x11, 0x0, 0x0, 0x0,
    0x0, 0x0, 0x0, 0x59, 0xdf, 0xff, 0xfe, 0xa6,
    0x10, 0x0, 0x0, 0x7e, 0xfe, 0xa7, 0x66, 0x7a,
    0xdf, 0xf9, 0x10, 0x3d, 0xfb, 0x40, 0x0, 0x0,
    0x0, 0x2, 0x9f, 0xe5, 0x2e, 0xd0, 0x0, 0x0,
    0x0, 0x0, 0x0, 0xa, 0xf5, 0x4, 0xf9, 0x0,
    0x0, 0x0, 0x0, 0x0, 0x6f, 0x80, 0x0, 0x7f,
    0x60, 0x0, 0x0, 0x0, 0x3, 0xfb, 0x0, 0x0,
    0xa, 0xf4, 0x0, 0x0, 0x0, 0x1e, 0xd1, 0x0,
    0x0, 0x0, 0xde, 0x10, 0x0, 0x0, 0xcf, 0x20,
    0x0, 0x0, 0x0, 0x2e, 0xc0, 0x0, 0x9, 0xf5,
    0x0, 0x0, 0x0, 0x0, 0x4, 0xfa, 0x0, 0x6f,
    0x80, 0x0, 0x0, 0x0, 0x0, 0x0, 0x7f, 0x73,
    0xfb, 0x0, 0x0, 0x0, 0x0, 0x0, 0x0, 0xa,
    0xfe, 0xd1, 0x0, 0x0, 0x0, 0x0, 0x0, 0x0,
    0x0, 0xdf, 0x20, 0x0, 0x0, 0x0, 0x0, 0x0,
    0x0, 0x0, 0x24, 0x0, 0x0, 0x0, 0x0,

    /* U+F09AA "󰦪" */
    0x77, 0x77, 0x77, 0x77, 0x77, 0x77, 0xe, 0xff,
    0xff, 0xff, 0xff, 0xff, 0xf1, 0x0, 0x0, 0x0,
    0x0, 0x0, 0x0, 0x7, 0x77, 0x77, 0x77, 0x77,
    0x77, 0x70, 0xef, 0xff, 0xff, 0xff, 0xff, 0xff,
    0x10, 0x0, 0x0, 0x0, 0x0, 0x0, 0x0, 0x78,
    0x88, 0x88, 0x88, 0x88, 0x88, 0xe, 0xff, 0xff,
    0xff, 0xff, 0xff, 0xf1, 0x0, 0x0, 0x0, 0x0,
    0x0, 0x0, 0x7, 0x77, 0x77, 0x77, 0x40, 0x0,
    0x0, 0xef, 0xff, 0xff, 0xf9, 0x0, 0x0, 0x0,

    /* U+F0A1E "󰨞" */
    0x0, 0x0, 0x0, 0x0, 0x0, 0x19, 0x60, 0x0,
    0x0, 0x0, 0x0, 0x0, 0x2, 0xef, 0xfe, 0x60,
    0x0, 0x0, 0x0, 0x0, 0x3e, 0xff, 0xff, 0xf8,
    0x0, 0x0, 0x0, 0x4, 0xff, 0xff, 0xff, 0xfa,
    0xb, 0xe3, 0x0, 0x5f, 0xff, 0xfb, 0xff, 0xfa,
    0x3f, 0xff, 0x66, 0xff, 0xff, 0x71, 0xff, 0xfa,
    0x5, 0xff, 0xff, 0xff, 0xe3, 0x1, 0xff, 0xfa,
    0x0, 0x4f, 0xff, 0xfc, 0x10, 0x1, 0xff, 0xfa,
    0x0, 0xaf, 0xff, 0xff, 0x60, 0x1, 0xff, 0xfa,
    0xc, 0xff, 0xee, 0xff, 0xfa, 0x1, 0xff, 0xfa,
    0x3f, 0xfb, 0x11, 0xdf, 0xff, 0xd4, 0xff, 0xfa,
    0x4, 0x70, 0x0, 0x1c, 0xff, 0xff, 0xff, 0xfa,
    0x0, 0x0, 0x0, 0x0, 0xbf, 0xff, 0xff, 0xfa,
    0x0, 0x0, 0x0, 0x0, 0x9, 0xff, 0xff, 0xe5,
    0x0, 0x0, 0x0, 0x0, 0x0, 0x8f, 0xe7, 0x0,
    0x0, 0x0, 0x0, 0x0, 0x0, 0x2, 0x0, 0x0,

    /* U+F0A5F "󰩟" */
    0x3e, 0xff, 0xff, 0xff, 0xff, 0xff, 0xf6, 0xaf,
    0xff, 0xff, 0xff, 0xff, 0xff, 0xfe, 0xbf, 0xff,
    0xff, 0xff, 0xff, 0xff, 0xfe, 0xbf, 0xff, 0x17,
    0xf1, 0x0, 0x1c, 0xfe, 0xbf, 0xff, 0x17, 0xf1,
    0x37, 0x5, 0xfe, 0xbf, 0xff, 0x17, 0xf1, 0x6f,
    0x5, 0xfe, 0xbf, 0xff, 0x17, 0xf1, 0x0, 0x6,
    0xfe, 0xbf, 0xff, 0x17, 0xf1, 0x14, 0x6e, 0xfe,
    0xbf, 0xff, 0x17, 0xf1, 0x6f, 0xff, 0xfe, 0xbf,
    0xff, 0x17, 0xf1, 0x6f, 0xff, 0xfe, 0xbf, 0xff,
    0x59, 0xf4, 0x9f, 0xff, 0xfe, 0xbf, 0xff, 0xff,
    0xff, 0xff, 0xff, 0xfe, 0x9f, 0xff, 0xff, 0xff,
    0xff, 0xff, 0xfd, 0x1a, 0xbb, 0xbb, 0xbb, 0xbb,
    0xbb, 0xb3,

    /* U+F0A60 "󰩠" */
    0x0, 0x2, 0x89, 0x99, 0x99, 0x98, 0x60, 0x0,
    0x0, 0xc, 0xff, 0xff, 0xff, 0xff, 0xf4, 0x0,
    0x0, 0xe, 0x80, 0xf8, 0x0, 0x8, 0xf6, 0x0,
    0x0, 0xe, 0x80, 0xf8, 0xf, 0x61, 0xf6, 0x0,
    0x0, 0xe, 0x80, 0xf8, 0x9, 0x31, 0xf6, 0x0,
    0x0, 0xe, 0x80, 0xf8, 0x0, 0x4, 0xf6, 0x0,
    0x0, 0xe, 0x80, 0xf8, 0x8, 0x9e, 0xf6, 0x0,
    0x0, 0xe, 0x80, 0xf8, 0x1f, 0xff, 0xf6, 0x0,
    0x0, 0xe, 0x80, 0xf8, 0x1f, 0xff, 0xf6, 0x0,
    0x0, 0xe, 0xec, 0xfe, 0xcf, 0xff, 0xf5, 0x0,
    0x0, 0x6, 0xef, 0xff, 0xff, 0xff, 0xc0, 0x0,
    0x0, 0x0, 0x0, 0x8, 0xf0, 0x0, 0x0, 0x0,
    0x0, 0x0, 0x0, 0x9e, 0xfb, 0x20, 0x0, 0x0,
    0x1f, 0xff, 0xff, 0xff, 0xff, 0xff, 0xff, 0xfd,
    0x18, 0x88, 0x88, 0xff, 0xff, 0xa8, 0x88, 0x86,
    0x0, 0x0, 0x0, 0x24, 0x43, 0x0, 0x0, 0x0,

    /* U+F0A8E "󰪎" */
    0x0, 0x0, 0x0, 0x0, 0x0, 0x0, 0x0, 0x0,
    0x6, 0xc0, 0x0, 0x4a, 0xde, 0xc9, 0x30, 0x0,
    0x0, 0x2e, 0xc0, 0x3f, 0xff, 0xef, 0xff, 0xa0,
    0x0, 0x0, 0x2e, 0xc0, 0x2c, 0xd2, 0xfa, 0x7f,
    0xd0, 0x0, 0x0, 0xcf, 0xc0, 0x45, 0x9, 0xf1,
    0x4f, 0xa0, 0x0, 0x5f, 0xdf, 0xc0, 0x6, 0x8f,
    0x96, 0xcf, 0x30, 0xb, 0xff, 0xff, 0xc0, 0x4f,
    0xff, 0xff, 0xf9, 0x0, 0xf9, 0x11, 0xef, 0xc0,
    0xc, 0xb1, 0x1b, 0xc0, 0xf, 0x70, 0xe, 0xbe,
    0xc0, 0x4b, 0x0, 0x9e, 0x0, 0xf8, 0x0, 0xea,
    0x2e, 0xc1, 0x10, 0xb, 0xd0, 0xc, 0xff, 0xff,
    0xff, 0xff, 0xc1, 0x3e, 0xfa, 0x0, 0x6f, 0xb8,
    0xcf, 0x98, 0xaf, 0xc1, 0x4f, 0x40, 0x0, 0xdd,
    0x13, 0xf5, 0x8, 0xfe, 0xc1, 0x30, 0x0, 0x3,
    0xfd, 0x4d, 0xd1, 0xea, 0x7f, 0xc1, 0x0, 0x0,
    0x2, 0xdf, 0xff, 0xdf, 0xff, 0xce, 0xc1, 0x0,
    0x0, 0x0, 0x6c, 0xef, 0xfb, 0x50, 0x2e, 0xb0,
    0x0, 0x0, 0x0, 0x0, 0x0, 0x0, 0x0, 0x23,
    0x0,

    /* U+F0AA5 "󰪥" */
    0x0, 0x0, 0x1, 0x68, 0x97, 0x30, 0x0, 0x0,
    0x0, 0x1, 0xaf, 0xff, 0xef, 0xfc, 0x30, 0x0,
    0x0, 0x2e, 0xf8, 0x34, 0x53, 0x6d, 0xf5, 0x0,
    0x0, 0xde, 0x3a, 0xff, 0xff, 0xc3, 0xbf, 0x30,
    0x8, 0xf4, 0xcf, 0xff, 0xff, 0xff, 0x3d, 0xc0,
    0xe, 0xa8, 0xff, 0xff, 0xff, 0xff, 0xc5, 0xf3,
    0x2f, 0x4e, 0xff, 0xff, 0xff, 0xff, 0xf3, 0xf7,
    0x4f, 0x3f, 0xff, 0xff, 0xff, 0xff, 0xf5, 0xe9,
    0x4f, 0x3f, 0xff, 0xff, 0xff, 0xff, 0xf4, 0xe8,
    0x1f, 0x6c, 0xff, 0xff, 0xff, 0xff, 0xf3, 0xf6,
    0xc, 0xd4, 0xff, 0xff, 0xff, 0xff, 0x98, 0xf1,
    0x5, 0xf7, 0x7f, 0xff, 0xff, 0xfb, 0x4f, 0x90,
    0x0, 0x9f, 0x84, 0xbe, 0xfc, 0x65, 0xfd, 0x0,
    0x0, 0x9, 0xfe, 0x85, 0x46, 0xcf, 0xc1, 0x0,
    0x0, 0x0, 0x4b, 0xff, 0xff, 0xd6, 0x0, 0x0,
    0x0, 0x0, 0x0, 0x2, 0x31, 0x0, 0x0, 0x0,

    /* U+F0AB9 "󰪹" */
    0x2, 0x33, 0x33, 0x31, 0x0, 0x0, 0x0, 0xb,
    0xff, 0xff, 0xff, 0xf4, 0x0, 0x0, 0x0, 0xff,
    0xff, 0xff, 0xca, 0xf4, 0x0, 0x0, 0xf, 0xff,
    0xff, 0xfc, 0xa, 0xf4, 0x0, 0x0, 0xff, 0xff,
    0xff, 0xc0, 0xa, 0xf4, 0x0, 0xf, 0xff, 0xff,
    0xfc, 0x0, 0xa, 0xf0, 0x0, 0xff, 0xff, 0xff,
    0xff, 0xff, 0xff, 0x0, 0xf, 0xff, 0xff, 0xff,
    0xff, 0xff, 0xf0, 0x0, 0xff, 0xff, 0xff, 0xff,
    0xc7, 0x57, 0x0, 0xf, 0xff, 0xff, 0xff, 0x70,
    0x0, 0x0, 0x0, 0xff, 0xff, 0xff, 0xa0, 0x0,
    0x75, 0x0, 0xf, 0xff, 0xff, 0xf3, 0x0, 0x7,
    0xf6, 0x0, 0xff, 0xff, 0xff, 0x7, 0xff, 0xff,
    0xf8, 0xf, 0xff, 0xff, 0xf1, 0x7f, 0xff, 0xff,
    0xd1, 0xff, 0xff, 0xff, 0x52, 0x44, 0xaf, 0xb0,
    0x5, 0xcc, 0xcc, 0xca, 0x0, 0x7, 0xa0, 0x0,
    0x0, 0x0, 0x0, 0x0, 0x0, 0x20, 0x0, 0x0,

    /* U+F0B2C "󰬬" */
    0x0, 0x0, 0x4, 0x9c, 0xdb, 0x71, 0x0, 0x0,
    0x0, 0x2, 0xcf, 0xff, 0xff, 0xff, 0x70, 0x0,
    0x0, 0x3f, 0xff, 0xff, 0xff, 0xff, 0xfa, 0x0,
    0x1, 0xef, 0xff, 0xff, 0xff, 0xff, 0xff, 0x70,
    0x8, 0xff, 0xff, 0xff, 0xef, 0xff, 0xff, 0xf1,
    0xe, 0xff, 0xff, 0xf6, 0x1d, 0xff, 0xff, 0xf6,
    0x1f, 0xff, 0xff, 0x60, 0x11, 0xdf, 0xff, 0xf9,
    0x3f, 0xff, 0xf6, 0x8, 0xe1, 0x1d, 0xff, 0xfb,
    0x2f, 0xff, 0x60, 0x7f, 0xfd, 0x11, 0xdf, 0xfa,
    0xf, 0xff, 0x27, 0xff, 0xff, 0xd1, 0x9f, 0xf7,
    0xa, 0xff, 0xff, 0xff, 0xff, 0xff, 0xff, 0xf2,
    0x2, 0xff, 0xff, 0xff, 0xff, 0xff, 0xff, 0xa0,
    0x0, 0x7f, 0xff, 0xff, 0xff, 0xff, 0xfd, 0x10,
    0x0, 0x6, 0xff, 0xff, 0xff, 0xff, 0xc1, 0x0,
    0x0, 0x0, 0x29, 0xef, 0xff, 0xc5, 0x0, 0x0,
    0x0, 0x0, 0x0, 0x1, 0x10, 0x0, 0x0, 0x0,

    /* U+F0B98 "󰮘" */
    0x1, 0x22, 0x22, 0x21, 0x0, 0x0, 0x0, 0x7,
    0xff, 0xff, 0xff, 0xf5, 0x0, 0x0, 0x0, 0xcf,
    0xff, 0xff, 0xf8, 0xf5, 0x0, 0x0, 0xc, 0xff,
    0xff, 0xfe, 0x8, 0xf5, 0x0, 0x0, 0xcf, 0xff,
    0xff, 0xe0, 0x8, 0xf5, 0x0, 0xc, 0xff, 0xff,
    0xfe, 0x0, 0x8, 0xf2, 0x0, 0xcf, 0xff, 0xff,
    0xfe, 0xee, 0xef, 0x30, 0xc, 0xff, 0xff, 0xff,
    0xff, 0xff, 0xf3, 0x0, 0xcf, 0xff, 0xff, 0xff,
    0xff, 0xff, 0x30, 0xc, 0xff, 0xff, 0xff, 0xff,
    0x83, 0x10, 0x0, 0xcf, 0xff, 0xff, 0xff, 0x40,
    0x0, 0x0, 0xc, 0xff, 0xff, 0xff, 0x70, 0xb6,
    0x8, 0x90, 0xcf, 0xff, 0xff, 0xf1, 0xa, 0xfb,
    0xf9, 0xc, 0xff, 0xff, 0xff, 0x0, 0xd, 0xfb,
    0x0, 0xcf, 0xff, 0xff, 0xf1, 0x8, 0xfd, 0xf6,
    0x3, 0xcc, 0xcc, 0xcc, 0x40, 0xc8, 0xa, 0xb0,
    0x0, 0x0, 0x0, 0x0, 0x0, 0x0, 0x0, 0x0,

    /* U+F0BC4 "󰯄" */
    0x0, 0x0, 0x0, 0x35, 0x0, 0x0, 0x0, 0x0,
    0x0, 0x4c, 0xff, 0xe7, 0x0, 0x0, 0x0, 0x6d,
    0xff, 0xff, 0xff, 0xf9, 0x20, 0x5e, 0xff, 0xff,
    0xff, 0xff, 0xff, 0xfa, 0x9f, 0xff, 0xfe, 0x65,
    0xbf, 0xff, 0xfe, 0x9f, 0xff, 0xf3, 0x1, 0xd,
    0xff, 0xfe, 0x9f, 0xff, 0xf0, 0x7c, 0x9, 0xff,
    0xfe, 0x9f, 0xff, 0xf3, 0x1, 0xd, 0xff, 0xfe,
    0x8f, 0xff, 0xfe, 0x30, 0xbf, 0xff, 0xfd, 0x6f,
    0xff, 0xff, 0x71, 0xff, 0xff, 0xfc, 0x3f, 0xff,
    0xff, 0x70, 0x4b, 0xff, 0xf8, 0xd, 0xff, 0xff,
    0x70, 0x4a, 0xff, 0xf3, 0x6, 0xff, 0xff, 0x71,
    0xff, 0xff, 0xb0, 0x0, 0xcf, 0xff, 0xdc, 0xff,
    0xff, 0x20, 0x0, 0x1d, 0xff, 0xff, 0xff, 0xf4,
    0x0, 0x0, 0x1, 0xbf, 0xff, 0xfe, 0x40, 0x0,
    0x0, 0x0, 0x5, 0xce, 0x81, 0x0, 0x0, 0x0,
    0x0, 0x0, 0x0, 0x0, 0x0, 0x0,

    /* U+F0BC5 "󰯅" */
    0x0, 0x0, 0x0, 0x23, 0x0, 0x0, 0x0, 0x0,
    0x0, 0x3a, 0xff, 0xc5, 0x0, 0x0, 0x0, 0x5c,
    0xfe, 0x86, 0xdf, 0xe7, 0x10, 0x4d, 0xfd, 0x60,
    0x0, 0x4, 0xbf, 0xf8, 0x9f, 0x40, 0x1, 0x89,
    0x30, 0x2, 0xce, 0x9e, 0x0, 0xc, 0xff, 0xf2,
    0x0, 0x9e, 0x9e, 0x0, 0xf, 0x94, 0xf5, 0x0,
    0x9e, 0x9e, 0x0, 0xb, 0xff, 0xf1, 0x0, 0x9e,
    0x8f, 0x0, 0x0, 0xbe, 0x20, 0x0, 0xad, 0x6f,
    0x10, 0x0, 0x9e, 0x0, 0x0, 0xbc, 0x3f, 0x50,
    0x0, 0x9f, 0xe5, 0x0, 0xf8, 0xd, 0xb0, 0x0,
    0x9f, 0x83, 0x6, 0xf2, 0x5, 0xf4, 0x0, 0x9e,
    0x0, 0xe, 0xa0, 0x0, 0xbe, 0x20, 0x0, 0x0,
    0xbe, 0x10, 0x0, 0xc, 0xe3, 0x0, 0x1b, 0xe3,
    0x0, 0x0, 0x0, 0x8f, 0xa8, 0xec, 0x20, 0x0,
    0x0, 0x0, 0x2, 0x9a, 0x40, 0x0, 0x0,

    /* U+F0BCD "󰯍" */
    0x0, 0x0, 0x0, 0x0, 0x0, 0x0, 0x0, 0x0,
    0x0, 0x0, 0x0, 0x0, 0x0, 0xa, 0x10, 0x0,
    0x0, 0x0, 0x0, 0x0, 0x0, 0xd, 0xd2, 0x0,
    0x0, 0x0, 0x0, 0x5f, 0xff, 0xff, 0xfe, 0x20,
    0x0, 0x0, 0x0, 0x5f, 0xff, 0xff, 0xff, 0xf3,
    0x0, 0x0, 0x0, 0x5f, 0xff, 0xff, 0xff, 0xd2,
    0x0, 0x0, 0x52, 0x4c, 0xcc, 0xcf, 0xfc, 0x10,
    0x0, 0x7, 0xf2, 0x0, 0x0, 0xd, 0xc0, 0x0,
    0x0, 0x8f, 0xfc, 0xbb, 0xb7, 0x9, 0x0, 0x0,
    0x9, 0xff, 0xff, 0xff, 0xfa, 0x0, 0x0, 0x0,
    0x1d, 0xff, 0xff, 0xff, 0xfa, 0x0, 0x0, 0x0,
    0x1, 0xdf, 0xff, 0xff, 0xfa, 0x0, 0x0, 0x0,
    0x0, 0xc, 0xf3, 0x0, 0x0, 0x0, 0x0, 0x0,
    0x0, 0x0, 0xa2, 0x0, 0x0, 0x0, 0x0, 0x0,
    0x0, 0x0, 0x0, 0x0, 0x0, 0x0, 0x0, 0x0,

    /* U+F0C52 "󰱒" */
    0x3e, 0xff, 0xff, 0xff, 0xff, 0xff, 0xf7, 0x9f,
    0x88, 0x88, 0x88, 0x88, 0x88, 0xce, 0x9e, 0x0,
    0x0, 0x0, 0x0, 0x0, 0x9e, 0x9e, 0x0, 0x0,
    0x0, 0x0, 0x40, 0x9e, 0x9e, 0x0, 0x0, 0x0,
    0x7, 0xf6, 0x9e, 0x9e, 0x0, 0x0, 0x0, 0x7f,
    0xa0, 0x9e, 0x9e, 0x4, 0x0, 0x7, 0xfa, 0x0,
    0x9e, 0x9e, 0x1f, 0xb0, 0x7f, 0xa0, 0x0, 0x9e,
    0x9e, 0x5, 0xfd, 0xfa, 0x0, 0x0, 0x9e, 0x9e,
    0x0, 0x5f, 0xa0, 0x0, 0x0, 0x9e, 0x9e, 0x0,
    0x4, 0x0, 0x0, 0x0, 0x9e, 0x9e, 0x0, 0x0,
    0x0, 0x0, 0x0, 0x9e, 0x7f, 0xff, 0xff, 0xff,
    0xff, 0xff, 0xfc, 0x6, 0x88, 0x88, 0x88, 0x88,
    0x88, 0x71,

    /* U+F0CC6 "󰳆" */
    0x0, 0x0, 0x0, 0x2b, 0xd3, 0x0, 0x0, 0x0,
    0x0, 0x0, 0x5b, 0xff, 0xff, 0xe6, 0x0, 0x0,
    0x0, 0x4, 0xff, 0xff, 0xff, 0xff, 0x90, 0x0,
    0x0, 0x2c, 0xff, 0xff, 0xff, 0xff, 0xe5, 0x0,
    0x0, 0xcf, 0xff, 0xff, 0xff, 0xff, 0xff, 0x0,
    0x0, 0xcf, 0xfe, 0xff, 0xff, 0xef, 0xff, 0x10,
    0x0, 0x3d, 0xe4, 0x11, 0x2, 0x1c, 0xf6, 0x10,
    0x1d, 0xc4, 0x50, 0x20, 0x2, 0x4, 0x49, 0xf4,
    0xa, 0xff, 0xf0, 0xf4, 0xf, 0x4b, 0xff, 0xd2,
    0x0, 0x28, 0xf1, 0x10, 0x1, 0xd, 0xb2, 0x0,
    0x0, 0x4, 0xf4, 0x0, 0x0, 0xf, 0x80, 0x0,
    0x0, 0x0, 0xf9, 0x0, 0x0, 0x5f, 0x40, 0x0,
    0x0, 0x0, 0x9f, 0x23, 0x80, 0xde, 0x0, 0x0,
    0x0, 0x0, 0x1e, 0xeb, 0xcd, 0xf4, 0x0, 0x0,
    0x0, 0x0, 0x2, 0xaf, 0xfc, 0x40, 0x0, 0x0,
    0x0, 0x0, 0x0, 0x0, 0x0, 0x0, 0x0, 0x0,

    /* U+F0D95 "󰶕" */
    0x0, 0x0, 0x0, 0x0, 0x10, 0x0, 0x0, 0x0,
    0x1, 0x60, 0x0, 0x0, 0x87, 0x0, 0x0, 0x0,
    0x0, 0x6f, 0x70, 0x0, 0x9f, 0x70, 0x0, 0x0,
    0x0, 0x0, 0x7f, 0x70, 0x5f, 0xff, 0xe9, 0x20,
    0x0, 0x0, 0x0, 0x7f, 0x70, 0x9f, 0xba, 0xff,
    0x50, 0x0, 0x0, 0x0, 0x7f, 0x70, 0x97, 0x1,
    0xbf, 0x30, 0x0, 0x0, 0xb, 0x6f, 0x70, 0x20,
    0x0, 0xdd, 0x0, 0x0, 0x5, 0xf4, 0x7f, 0x70,
    0x0, 0x6, 0xf3, 0x0, 0x0, 0x8f, 0x0, 0x7f,
    0x70, 0x0, 0x2f, 0x60, 0x0, 0x8, 0xf0, 0x0,
    0x7f, 0x70, 0x2, 0xf6, 0x0, 0x0, 0x5f, 0x40,
    0x0, 0x7f, 0x70, 0x5f, 0x40, 0x0, 0x0, 0xfb,
    0x0, 0x0, 0x7f, 0x70, 0x90, 0x0, 0x0, 0x7,
    0xfa, 0x10, 0x0, 0x9f, 0x70, 0x0, 0x0, 0x0,
    0x8, 0xf7, 0x9, 0xbf, 0xff, 0x70, 0x0, 0x0,
    0x0, 0x3, 0x23, 0xfd, 0x92, 0x7f, 0x70, 0x0,
    0x0, 0x0, 0x0, 0x0, 0x0, 0x0, 0x7f, 0x70,
    0x0, 0x0, 0x0, 0x0, 0x0, 0x0, 0x0, 0x79,
    0x0,

    /* U+F0D97 "󰶗" */
    0x0, 0x0, 0x0, 0x3, 0x61, 0x0, 0x0, 0x0,
    0x0, 0x0, 0x0, 0xf, 0xfb, 0x0, 0x0, 0x0,
    0x0, 0x0, 0x0, 0x6f, 0xfe, 0x30, 0x0, 0x0,
    0x0, 0x0, 0x6e, 0xff, 0xef, 0xfd, 0x30, 0x0,
    0x0, 0x9, 0xfb, 0x30, 0x0, 0x5d, 0xf5, 0x0,
    0x0, 0x6f, 0x80, 0x0, 0x0, 0x0, 0xcf, 0x20,
    0x0, 0xec, 0x0, 0x0, 0x0, 0x0, 0x1f, 0xa0,
    0x3, 0xfd, 0xbb, 0xbb, 0xbb, 0xbb, 0xbe, 0xf0,
    0x4, 0xbb, 0xbb, 0xbb, 0xbb, 0xbb, 0xbb, 0xb0,
    0x7, 0x77, 0x77, 0x77, 0x77, 0x77, 0x77, 0x76,
    0x2f, 0xff, 0xff, 0xff, 0xff, 0xff, 0xff, 0xfd,

    /* U+F0DAE "󰶮" */
    0x8, 0xef, 0xff, 0xff, 0xff, 0xff, 0xff, 0xff,
    0xc1, 0xf, 0xff, 0xff, 0xff, 0xff, 0xff, 0xff,
    0xff, 0xf6, 0x1f, 0xff, 0xff, 0xff, 0xff, 0xff,
    0xff, 0xff, 0xf7, 0x1f, 0x70, 0x0, 0x0, 0x0,
    0x0, 0x0, 0x1, 0xf7, 0x1f, 0x60, 0x0, 0x2,
    0x0, 0x0, 0x0, 0x0, 0xf7, 0x1f, 0x60, 0x0,
    0x5f, 0x50, 0x0, 0x0, 0x0, 0xf7, 0x1, 0x0,
    0x0, 0xb, 0xf5, 0x0, 0x0, 0x0, 0xf7, 0x7,
    0x77, 0x77, 0x77, 0xff, 0x40, 0x0, 0x0, 0xf7,
    0x1f, 0xff, 0xff, 0xff, 0xff, 0xd0, 0x0, 0x0,
    0xf7, 0x4, 0x44, 0x44, 0x45, 0xfe, 0x20, 0x0,
    0x0, 0xf7, 0x4, 0x10, 0x0, 0x1d, 0xe2, 0x0,
    0x0, 0x0, 0xf7, 0x1f, 0x60, 0x0, 0x3e, 0x20,
    0x0, 0x0, 0x0, 0xf7, 0x1f, 0x60, 0x0, 0x0,
    0x0, 0x0, 0x0, 0x0, 0xf7, 0x1f, 0x93, 0x33,
    0x33, 0x33, 0x33, 0x33, 0x34, 0xf7, 0xc, 0xff,
    0xff, 0xff, 0xff, 0xff, 0xff, 0xff, 0xf3, 0x0,
    0x33, 0x33, 0x33, 0x33, 0x33, 0x33, 0x33, 0x10,

    /* U+F0E49 "󰹉" */
    0x0, 0x0, 0x0, 0x3, 0x0, 0x0, 0x0, 0x0,
    0x0, 0x0, 0xbc, 0x30, 0x0, 0x0, 0x0, 0x0,
    0xb, 0x31, 0xc3, 0x0, 0x0, 0x5, 0x77, 0xcb,
    0x77, 0x8e, 0x77, 0x71, 0x7f, 0xff, 0xff, 0xff,
    0xff, 0xff, 0xfc, 0x9e, 0x0, 0x0, 0x0, 0x0,
    0x0, 0x9e, 0x9e, 0x0, 0x0, 0x0, 0x0, 0x0,
    0x9e, 0x9e, 0x0, 0x0, 0x0, 0x0, 0x0, 0x9e,
    0x9e, 0x0, 0x0, 0x0, 0x0, 0x0, 0x9e, 0x9e,
    0x0, 0x0, 0x0, 0x0, 0x0, 0x9e, 0x9e, 0x0,
    0x3, 0x0, 0x0, 0x0, 0x9e, 0x9e, 0x0, 0x2f,
    0x70, 0x4, 0x0, 0x9e, 0x9e, 0x0, 0xcf, 0xf4,
    0xbf, 0x20, 0x9e, 0x9e, 0x9, 0xff, 0xff, 0xff,
    0xd0, 0x9e, 0x9e, 0x0, 0x0, 0x0, 0x0, 0x0,
    0x9e, 0x9f, 0x77, 0x77, 0x77, 0x77, 0x77, 0xce,
    0x3e, 0xff, 0xff, 0xff, 0xff, 0xff, 0xf7, 0x0,
    0x0, 0x0, 0x0, 0x0, 0x0, 0x0,

    /* U+F0EC5 "󰻅" */
    0x7, 0x83, 0x8, 0x82, 0x7f, 0xf7, 0x2f, 0xfd,
    0x9f, 0xff, 0xff, 0xfe, 0x9f, 0xfa, 0x7f, 0xfe,
    0x9f, 0xf6, 0x1f, 0xfe, 0x9e, 0x0, 0x0, 0x9e,
    0x9f, 0xf6, 0x1f, 0xfe, 0x9f, 0xf9, 0x5f, 0xfe,
    0x9f, 0xff, 0xff, 0xfe, 0x9e, 0x9, 0xe0, 0x9e,
    0x9e, 0x9, 0xe0, 0x9e, 0x9f, 0xff, 0xff, 0xfe,
    0x9f, 0x7c, 0xf7, 0xce, 0x9f, 0x3a, 0xf3, 0xae,
    0x5f, 0xff, 0xff, 0xfa, 0x2, 0x33, 0x33, 0x30,

    /* U+F0F94 "󰾔" */
    0x9, 0xcc, 0xcc, 0xcc, 0xcc, 0xcc, 0xb5, 0x6,
    0xff, 0xff, 0xd9, 0x8b, 0xff, 0xff, 0xf0, 0x7f,
    0xff, 0x50, 0x0, 0x1, 0xaf, 0xff, 0x7, 0xff,
    0x32, 0x71, 0xb0, 0x80, 0xaf, 0xf0, 0x7f, 0x91,
    0xc4, 0x7d, 0x39, 0x81, 0xff, 0x7, 0xf3, 0x11,
    0x1, 0x10, 0x1, 0xa, 0xf0, 0x7f, 0x1d, 0xf0,
    0xff, 0xa4, 0xf7, 0x8f, 0x7, 0xf1, 0xcd, 0xd,
    0xe9, 0x3e, 0x69, 0xf0, 0x7f, 0x50, 0x0, 0x0,
    0x0, 0x0, 0xcf, 0x7, 0xfd, 0xd, 0x67, 0xf2,
    0xb8, 0x4f, 0xf0, 0x7f, 0xfa, 0x5, 0x9, 0x6,
    0x2e, 0xff, 0x7, 0xff, 0xfd, 0x51, 0x2, 0x8f,
    0xff, 0xf0, 0x5f, 0xff, 0xff, 0xff, 0xff, 0xff,
    0xfe, 0x0, 0x58, 0x88, 0x88, 0x88, 0x88, 0x87,
    0x20,

    /* U+F101E "󱀞" */
    0x0, 0x0, 0x1, 0x78, 0x88, 0x88, 0x88, 0x60,
    0x0, 0x0, 0xb, 0xff, 0xff, 0xff, 0xff, 0xf6,
    0x0, 0x0, 0xd, 0xff, 0xf4, 0x9, 0xff, 0xf8,
    0x0, 0x0, 0xd, 0xff, 0xe0, 0x3, 0xff, 0xf8,
    0x0, 0x0, 0xd, 0xff, 0xf7, 0x3b, 0xff, 0xf8,
    0x0, 0x0, 0xd, 0xff, 0xff, 0xff, 0xff, 0xf8,
    0x0, 0x0, 0xb, 0xff, 0xc6, 0x47, 0xef, 0xf8,
    0x5e, 0xc7, 0x10, 0x8a, 0x1, 0x40, 0x1d, 0xf8,
    0x29, 0xcf, 0xf5, 0x0, 0x4f, 0xfe, 0x14, 0xf8,
    0x0, 0x3, 0xcf, 0x70, 0x8f, 0xff, 0x70, 0xf8,
    0x5e, 0x92, 0x9, 0xf4, 0xe, 0xff, 0x70, 0xf8,
    0x2a, 0xff, 0x40, 0xce, 0x7, 0xfd, 0x4, 0xf8,
    0x0, 0x1c, 0xf2, 0x4f, 0x50, 0x30, 0x1d, 0xf8,
    0x5c, 0x21, 0xf9, 0xd, 0xa0, 0x37, 0xef, 0xf8,
    0x5f, 0xb0, 0xbc, 0xb, 0xc0, 0xbf, 0xff, 0xf4,
    0x13, 0x30, 0x23, 0x2, 0x30, 0x23, 0x33, 0x20,

    /* U+F1050 "󱁐" */
    0x47, 0x0, 0x0, 0x0, 0x0, 0x0, 0x47, 0x9e,
    0x0, 0x0, 0x0, 0x0, 0x0, 0x9e, 0x9e, 0x0,
    0x0, 0x0, 0x0, 0x0, 0x9e, 0x9f, 0x88, 0x88,
    0x88, 0x88, 0x88, 0xce, 0x3e, 0xff, 0xff, 0xff,
    0xff, 0xff, 0xf7, 0x0, 0x0, 0x0, 0x0, 0x0,
    0x0, 0x0,

    /* U+F1087 "󱂇" */
    0x0, 0x24, 0x44, 0x44, 0x44, 0x44, 0x44, 0x0,
    0x3, 0xff, 0xff, 0xff, 0xff, 0xff, 0xff, 0xd0,
    0x6, 0xff, 0xff, 0xff, 0xff, 0xff, 0xff, 0xf1,
    0x6, 0xfb, 0xc, 0x43, 0xd0, 0x9f, 0xff, 0xf1,
    0x6, 0xff, 0xff, 0xff, 0xff, 0xff, 0xff, 0xf1,
    0x3, 0xff, 0xff, 0xff, 0xff, 0xff, 0xff, 0xd0,
    0x0, 0x24, 0x44, 0x4b, 0xe4, 0x44, 0x44, 0x0,
    0x0, 0x0, 0x0, 0x9, 0xe0, 0x0, 0x0, 0x0,
    0x3, 0x33, 0x33, 0xef, 0xff, 0x63, 0x33, 0x33,
    0x1f, 0xff, 0xff, 0xff, 0xff, 0xff, 0xff, 0xfd,
    0x3, 0x33, 0x33, 0xef, 0xff, 0x63, 0x33, 0x33,
    0x0, 0x0, 0x0, 0x0, 0x0, 0x0, 0x0, 0x0,

    /* U+F109A "󱂚" */
    0x0, 0x0, 0x4, 0x9c, 0xcb, 0x71, 0x0, 0x0,
    0x0, 0x1, 0xcf, 0xff, 0xff, 0xff, 0x60, 0x0,
    0x0, 0x2e, 0xff, 0xff, 0xff, 0xff, 0xf9, 0x0,
    0x0, 0xdf, 0xff, 0xfe, 0x4f, 0xff, 0xff, 0x60,
    0x7, 0xff, 0xff, 0xf7, 0xb, 0xff, 0xff, 0xe0,
    0xe, 0xff, 0xff, 0xf1, 0x94, 0xff, 0xff, 0xf6,
    0x1f, 0xff, 0xff, 0xa5, 0xf1, 0xef, 0xff, 0xf9,
    0x3f, 0xff, 0xff, 0x34, 0xf7, 0x7f, 0xff, 0xfb,
    0x2f, 0xff, 0xfd, 0x18, 0x2b, 0x1f, 0xff, 0xfa,
    0xf, 0xff, 0xf6, 0x7f, 0xb0, 0x1a, 0xff, 0xf7,
    0xa, 0xff, 0xf1, 0xef, 0xfd, 0x23, 0xff, 0xf2,
    0x2, 0xff, 0xea, 0xff, 0xff, 0xfb, 0xff, 0xa0,
    0x0, 0x6f, 0xff, 0xff, 0xff, 0xff, 0xfd, 0x10,
    0x0, 0x6, 0xff, 0xff, 0xff, 0xff, 0xc1, 0x0,
    0x0, 0x0, 0x29, 0xef, 0xff, 0xc6, 0x0, 0x0,
    0x0, 0x0, 0x0, 0x1, 0x20, 0x0, 0x0, 0x0,

    /* U+F12A1 "󱊡" */
    0x0, 0x18, 0x88, 0x82, 0x0, 0x0, 0x3f, 0xff,
    0xf5, 0x0, 0x4f, 0xff, 0xff, 0xff, 0xf5, 0x6f,
    0x87, 0x77, 0x77, 0xf8, 0x6f, 0x10, 0x0, 0x0,
    0xf8, 0x6f, 0x10, 0x0, 0x0, 0xf8, 0x6f, 0x10,
    0x0, 0x0, 0xf8, 0x6f, 0x10, 0x0, 0x0, 0xf8,
    0x6f, 0x10, 0x0, 0x0, 0xf8, 0x6f, 0x10, 0x0,
    0x0, 0xf8, 0x6f, 0x13, 0x33, 0x31, 0xf8, 0x6f,
    0x4f, 0xff, 0xf4, 0xf8, 0x6f, 0x4f, 0xff, 0xf4,
    0xf8, 0x6f, 0x43, 0x33, 0x33, 0xf8, 0x5f, 0xff,
    0xff, 0xff, 0xf7, 0x3, 0x33, 0x33, 0x33, 0x30,

    /* U+F12AA "󱊪" */
    0x0, 0x47, 0x77, 0x77, 0x30, 0x0, 0x0, 0x0,
    0x0, 0x2, 0xff, 0xff, 0xff, 0xf1, 0x0, 0x0,
    0x0, 0x0, 0x4, 0xf2, 0x0, 0x5, 0xf2, 0x0,
    0x0, 0x0, 0x0, 0x4, 0xf2, 0x0, 0x5, 0xf2,
    0x0, 0x0, 0x0, 0x0, 0x4, 0xf2, 0x0, 0x5,
    0xf2, 0x0, 0x0, 0x0, 0x0, 0x2, 0xff, 0xff,
    0xff, 0xf1, 0x0, 0x0, 0x0, 0x0, 0x7, 0xcf,
    0xff, 0xff, 0xb7, 0x0, 0x0, 0x0, 0x0, 0x1f,
    0xff, 0xff, 0xff, 0xfe, 0x0, 0x0, 0x0, 0x0,
    0x0, 0x0, 0x0, 0x0, 0x0, 0x0, 0x0, 0x0,
    0x0, 0x0, 0x0, 0x0, 0x0, 0x1, 0x77, 0x77,
    0x76, 0x0, 0x0, 0x0, 0x0, 0x43, 0xa, 0xff,
    0xff, 0xff, 0x60, 0x0, 0x41, 0x5, 0xfc, 0xc,
    0xa0, 0x0, 0xe, 0x80, 0x1, 0xfd, 0x6f, 0xd1,
    0xc, 0xa0, 0x0, 0xe, 0x80, 0x0, 0x5f, 0xfd,
    0x10, 0xc, 0xa0, 0x0, 0xe, 0x80, 0x0, 0x5,
    0xd1, 0x0, 0xa, 0xff, 0xff, 0xff, 0x60, 0x0,
    0x0, 0x0, 0x0, 0x49, 0xff, 0xff, 0xfe, 0x72,
    0x0, 0x0, 0x0, 0x0, 0x8f, 0xff, 0xff, 0xff,
    0xf5, 0x0, 0x0, 0x0, 0x0, 0x0, 0x0, 0x0,
    0x0, 0x0,

    /* U+F12C6 "󱋆" */
    0x3, 0x88, 0x88, 0x88, 0x88, 0x88, 0x88, 0x88,
    0x50, 0xe, 0xff, 0xff, 0xff, 0xff, 0xff, 0xff,
    0xff, 0xf5, 0x1f, 0x60, 0x0, 0x0, 0x0, 0x0,
    0x0, 0x0, 0xf7, 0x1f, 0x60, 0x0, 0x0, 0x0,
    0x51, 0x0, 0x0, 0xf7, 0x1f, 0x60, 0x0, 0x0,
    0x2, 0xfe, 0x10, 0x0, 0xf7, 0x1f, 0x60, 0x0,
    0x0, 0x7d, 0x59, 0x0, 0x0, 0xf7, 0x1f, 0x60,
    0x0, 0x7, 0xff, 0x70, 0x0, 0x0, 0xf7, 0x1f,
    0x60, 0x0, 0x6f, 0xf9, 0x0, 0x0, 0x0, 0xf7,
    0x1f, 0x60, 0x0, 0xcf, 0x90, 0x0, 0x0, 0x0,
    0xf7, 0x1f, 0x60, 0x0, 0x56, 0x0, 0x0, 0x0,
    0x0, 0xf7, 0x1f, 0x70, 0x0, 0x0, 0x0, 0x0,
    0x0, 0x1, 0xf7, 0xe, 0xff, 0xff, 0xff, 0xff,
    0xff, 0xff, 0xff, 0xf4, 0x2, 0x77, 0x77, 0x7b,
    0xff, 0xc7, 0x77, 0x77, 0x40, 0x0, 0x0, 0x0,
    0x39, 0xff, 0xb3, 0x0, 0x0, 0x0, 0x0, 0x0,
    0x0, 0xef, 0xff, 0xff, 0x10, 0x0, 0x0, 0x0,
    0x0, 0x0, 0x33, 0x33, 0x33, 0x0, 0x0, 0x0,

    /* U+F14FB "󱓻" */
    0x0, 0x8e, 0xff, 0xff, 0xff, 0xeb, 0x20, 0xc,
    0xff, 0xff, 0xff, 0xff, 0xff, 0xf2, 0x5f, 0xff,
    0xff, 0xff, 0xff, 0xff, 0xfa, 0x8f, 0xff, 0xff,
    0xff, 0xff, 0xff, 0xfe, 0x9f, 0xff, 0xff, 0xff,
    0xff, 0xff, 0xfe, 0x9f, 0xff, 0xff, 0xff, 0xff,
    0xff, 0xfe, 0x9f, 0xff, 0xff, 0xff, 0xff, 0xff,
    0xfe, 0x9f, 0xff, 0xff, 0xff, 0xff, 0xff, 0xfe,
    0x9f, 0xff, 0xff, 0xff, 0xff, 0xff, 0xfe, 0x9f,
    0xff, 0xff, 0xff, 0xff, 0xff, 0xfe, 0x7f, 0xff,
    0xff, 0xff, 0xff, 0xff, 0xfc, 0x2f, 0xff, 0xff,
    0xff, 0xff, 0xff, 0xf6, 0x5, 0xff, 0xff, 0xff,
    0xff, 0xff, 0xa0, 0x0, 0x16, 0x88, 0x88, 0x88,
    0x73, 0x0,

    /* U+F1574 "󱕴" */
    0x0, 0x6a, 0xa5, 0x0, 0x0, 0x0, 0x0, 0xb7,
    0x22, 0x8a, 0x0, 0x0, 0x0, 0x67, 0x0, 0x0,
    0xb5, 0x10, 0x0, 0xb, 0x10, 0x1, 0xcf, 0xa9,
    0x90, 0x0, 0x62, 0xb7, 0xaf, 0xfa, 0x9f, 0x60,
    0x2, 0xff, 0x4f, 0xfe, 0x69, 0xfa, 0x0, 0x9f,
    0xe1, 0xff, 0xd0, 0xcf, 0xa0, 0xb, 0xf8, 0x9,
    0xff, 0xff, 0xf4, 0x0, 0x8f, 0xe8, 0x4a, 0xff,
    0xfb, 0x0, 0x1, 0xef, 0xff, 0x62, 0x7f, 0xf1,
    0x0, 0x1, 0xbf, 0xd2, 0x0, 0xef, 0x70, 0x0,
    0x8, 0xfb, 0x0, 0x1b, 0xfe, 0x0, 0x0, 0x8f,
    0xb0, 0x5f, 0xff, 0xf5, 0xb, 0xff, 0xfb, 0x2,
    0xfe, 0xdf, 0xb0, 0xcf, 0xff, 0xb0, 0x4, 0x4,
    0xc5, 0x3, 0x4a, 0xfb, 0x0, 0x0, 0x0, 0x0,
    0x0, 0x6c, 0x90, 0x0, 0x0, 0x0, 0x0,

    /* U+F15AB "󱖫" */
    0x0, 0x0, 0x0, 0x0, 0x0, 0x0, 0x0, 0x0,
    0x0, 0x0, 0x0, 0x0, 0x0, 0x0, 0x1, 0xc8,
    0x0, 0x0, 0x0, 0x0, 0x2, 0x40, 0x1c, 0xf3,
    0x2f, 0xff, 0xff, 0xf9, 0xa, 0xf5, 0xcf, 0x30,
    0x18, 0x88, 0x88, 0x84, 0x0, 0xcf, 0xf3, 0x0,
    0x0, 0x0, 0x0, 0x0, 0x0, 0xb, 0x40, 0x0,
    0x0, 0x0, 0x0, 0x0, 0x0, 0x0, 0x0, 0x0,
    0x0, 0x0, 0x0, 0x0, 0x9, 0xc1, 0xb, 0xb0,
    0x0, 0x0, 0x0, 0x0, 0x4, 0xfc, 0xbf, 0x60,
    0x2f, 0xff, 0xff, 0xf9, 0x0, 0x4f, 0xf7, 0x0,
    0x18, 0x88, 0x88, 0x84, 0x0, 0xbf, 0xfc, 0x10,
    0x0, 0x0, 0x0, 0x0, 0xa, 0xf6, 0x4f, 0xc0,
    0x0, 0x0, 0x0, 0x0, 0x3, 0x60, 0x4, 0x40,

    /* U+F16B5 "󱚵" */
    0x0, 0x0, 0x59, 0xde, 0xfe, 0xc9, 0x50, 0x0,
    0x1, 0x9f, 0xff, 0xff, 0xff, 0xff, 0xf7, 0x10,
    0x4e, 0xff, 0xfa, 0x75, 0x45, 0x7b, 0xe0, 0x0,
    0x2e, 0xe6, 0x0, 0x0, 0x0, 0x0, 0x10, 0x8e,
    0x3, 0x10, 0x0, 0x36, 0x76, 0x30, 0x0, 0x8e,
    0x0, 0x1, 0x8f, 0xff, 0xff, 0xfe, 0x70, 0x8e,
    0x0, 0xb, 0xff, 0xfd, 0xcd, 0xff, 0xe0, 0x8e,
    0x0, 0x2, 0xd7, 0x10, 0x0, 0x18, 0xc0, 0x47,
    0x0, 0x0, 0x0, 0x0, 0x0, 0x0, 0x0, 0x0,
    0x0, 0x0, 0x0, 0x7d, 0xfd, 0x60, 0x0, 0x8e,
    0x0, 0x0, 0x0, 0xcf, 0xff, 0xb0, 0x0, 0x47,
    0x0, 0x0, 0x0, 0x2f, 0xfe, 0x10, 0x0, 0x0,
    0x0, 0x0, 0x0, 0x5, 0xf3, 0x0, 0x0, 0x0,
    0x0, 0x0, 0x0, 0x0, 0x30, 0x0, 0x0, 0x0,

    /* U+F16BD "󱚽" */
    0x0, 0x0, 0x1, 0x34, 0x53, 0x20, 0x0, 0x0,
    0x0, 0x1, 0x8d, 0xff, 0xff, 0xff, 0xe9, 0x30,
    0x0, 0x9, 0xff, 0xff, 0xff, 0xef, 0xff, 0xff,
    0xb2, 0xa, 0xff, 0xe8, 0x30, 0x0, 0x2, 0x6c,
    0xff, 0xe0, 0x2e, 0x60, 0x0, 0x0, 0x0, 0x0,
    0x4, 0xd5, 0x0, 0x0, 0x1, 0x6a, 0xcd, 0xb8,
    0x20, 0x0, 0x0, 0x0, 0x8, 0xff, 0xff, 0xff,
    0xff, 0xb2, 0x0, 0x0, 0x0, 0xcf, 0xe9, 0x76,
    0x8d, 0xff, 0x20, 0x0, 0x0, 0x2, 0x70, 0x0,
    0x0, 0x4, 0x20, 0x0, 0x0, 0x0, 0x0, 0x0,
    0x45, 0x20, 0x0, 0x0, 0x0, 0x0, 0x0, 0x4,
    0xff, 0xf7, 0x0, 0x0, 0x25, 0x0, 0x0, 0x0,
    0xd, 0xff, 0x10, 0x0, 0x2e, 0xb0, 0x0, 0x0,
    0x0, 0x2f, 0xe0, 0x5d, 0x4e, 0xc0, 0x0, 0x0,
    0x0, 0x0, 0x59, 0x0, 0xcf, 0xc0, 0x0, 0x0,
    0x0, 0x0, 0x0, 0x0, 0x1, 0x90, 0x0, 0x0,

    /* U+F16BE "󱚾" */
    0x0, 0x0, 0x27, 0xac, 0xdd, 0xb9, 0x50, 0x0,
    0x0, 0x0, 0x4c, 0xff, 0xff, 0xff, 0xff, 0xff,
    0x81, 0x0, 0x1a, 0xff, 0xfd, 0x97, 0x66, 0x8b,
    0xff, 0xfe, 0x50, 0xc, 0xfb, 0x30, 0x0, 0x0,
    0x0, 0x7, 0xef, 0x40, 0x1, 0x50, 0x0, 0x14,
    0x55, 0x30, 0x0, 0x15, 0x0, 0x0, 0x0, 0x4b,
    0xff, 0xff, 0xfe, 0x81, 0x0, 0x0, 0x0, 0x5,
    0xff, 0xff, 0xee, 0xff, 0xfd, 0x0, 0x0, 0x0,
    0x0, 0xbb, 0x40, 0x0, 0x15, 0x10, 0x0, 0x0,
    0x0, 0x0, 0x0, 0x0, 0x0, 0x0, 0x6, 0x70,
    0x0, 0x0, 0x0, 0x0, 0x3a, 0xd6, 0x3, 0x2f,
    0xf3, 0x40, 0x0, 0x0, 0x0, 0x8f, 0xf1, 0x3f,
    0xff, 0xff, 0xf5, 0x0, 0x0, 0x0, 0xb, 0xe0,
    0x2c, 0xf2, 0x2f, 0xe3, 0x0, 0x0, 0x0, 0x0,
    0xb0, 0x1c, 0xf3, 0x3f, 0xe2, 0x0, 0x0, 0x0,
    0x0, 0x10, 0x4f, 0xff, 0xff, 0xf5, 0x0, 0x0,
    0x0, 0x0, 0x0, 0x5, 0x4f, 0xf4, 0x40, 0x0,
    0x0, 0x0, 0x0, 0x0, 0x0, 0x8, 0x90, 0x0,

    /* U+F16C3 "󱛃" */
    0x0, 0x0, 0x4, 0x8a, 0xbb, 0x97, 0x30, 0x0,
    0x0, 0x0, 0x29, 0xff, 0xff, 0xff, 0xff, 0xfe,
    0x70, 0x0, 0x8, 0xff, 0xff, 0xc9, 0x88, 0xad,
    0xff, 0xfe, 0x40, 0xd, 0xfd, 0x60, 0x0, 0x0,
    0x0, 0x28, 0xff, 0x80, 0x2, 0x70, 0x0, 0x2,
    0x33, 0x10, 0x0, 0x18, 0x0, 0x0, 0x0, 0x29,
    0xef, 0xff, 0xfc, 0x60, 0x0, 0x0, 0x0, 0x4,
    0xff, 0xff, 0xff, 0xff, 0xfd, 0x0, 0x0, 0x0,
    0x0, 0xcc, 0x62, 0x0, 0x39, 0xf7, 0x0, 0x0,
    0x0, 0x0, 0x0, 0x0, 0x0, 0x0, 0x0, 0x0,
    0x0, 0x0, 0x0, 0x0, 0x3b, 0xee, 0x30, 0xa,
    0xc0, 0x0, 0x0, 0x0, 0x0, 0x7f, 0xfe, 0x0,
    0xa, 0xd0, 0x0, 0x0, 0x0, 0x0, 0xb, 0xfa,
    0xa, 0xbe, 0xfb, 0xb1, 0x0, 0x0, 0x0, 0x1,
    0xe8, 0xb, 0xcf, 0xfc, 0xc1, 0x0, 0x0, 0x0,
    0x0, 0x30, 0x0, 0xa, 0xd0, 0x0, 0x0, 0x0,
    0x0, 0x0, 0x0, 0x0, 0xa, 0xd0, 0x0, 0x0,
    0x0, 0x0, 0x0, 0x0, 0x0, 0x0, 0x0, 0x0,

    /* U+F16C5 "󱛅" */
    0x0, 0x0, 0x1, 0x45, 0x54, 0x20, 0x0, 0x0,
    0x0, 0x2, 0x8d, 0xff, 0xff, 0xff, 0xea, 0x30,
    0x0, 0x19, 0xff, 0xff, 0xfe, 0xef, 0xff, 0xff,
    0xc2, 0xa, 0xff, 0xe7, 0x30, 0x0, 0x2, 0x6c,
    0xff, 0xe0, 0x2e, 0x60, 0x0, 0x0, 0x0, 0x0,
    0x3, 0xd5, 0x0, 0x0, 0x1, 0x7b, 0xdd, 0xc8,
    0x30, 0x0, 0x0, 0x0, 0x9, 0xff, 0xff, 0xff,
    0xff, 0xb2, 0x0, 0x0, 0x0, 0xcf, 0xe9, 0x66,
    0x8c, 0xff, 0x20, 0x0, 0x0, 0x1, 0x60, 0x0,
    0x0, 0x3, 0x20, 0x0, 0x0, 0x0, 0x0, 0x1,
    0x45, 0x20, 0x0, 0x0, 0x0, 0x0, 0x0, 0x4,
    0xff, 0xf7, 0xb, 0x50, 0x88, 0x0, 0x0, 0x0,
    0xc, 0xff, 0x10, 0xbf, 0xbf, 0x80, 0x0, 0x0,
    0x0, 0x2f, 0xe0, 0x0, 0xef, 0xb0, 0x0, 0x0,
    0x0, 0x0, 0x59, 0x0, 0x8f, 0xef, 0x50, 0x0,
    0x0, 0x0, 0x0, 0x0, 0x1d, 0x80, 0xbb, 0x0,
    0x0, 0x0, 0x0, 0x0, 0x0, 0x10, 0x0, 0x0,

    /* U+F16C7 "󱛇" */
    0x0, 0x0, 0x4, 0x7a, 0xbb, 0xa7, 0x30, 0x0,
    0x0, 0x0, 0x18, 0xef, 0xff, 0xff, 0xff, 0xfe,
    0x81, 0x0, 0x6, 0xff, 0xff, 0xc9, 0x88, 0x9d,
    0xff, 0xff, 0x60, 0xb, 0xfe, 0x71, 0x0, 0x0,
    0x0, 0x17, 0xef, 0xa0, 0x1, 0x80, 0x0, 0x1,
    0x33, 0x10, 0x0, 0x8, 0x0, 0x0, 0x0, 0x17,
    0xdf, 0xff, 0xfe, 0x81, 0x0, 0x0, 0x0, 0x2,
    0xef, 0xff, 0xff, 0xff, 0xc5, 0x0, 0x0, 0x0,
    0x0, 0xae, 0x72, 0x0, 0x35, 0x4, 0x30, 0x0,
    0x0, 0x0, 0x1, 0x0, 0x0, 0x0, 0x3f, 0xd8,
    0x0, 0x0, 0x0, 0x0, 0x7, 0xaa, 0x2, 0xa,
    0x7c, 0xb0, 0x0, 0x0, 0x0, 0x6f, 0xfc, 0xa,
    0x70, 0x1, 0xf2, 0x0, 0x0, 0x0, 0xb, 0xfc,
    0xb, 0x70, 0x0, 0xf3, 0x0, 0x0, 0x0, 0x1,
    0xed, 0x6, 0xe3, 0x80, 0x60, 0x0, 0x0, 0x0,
    0x0, 0x33, 0x0, 0x8f, 0xfa, 0x0, 0x0, 0x0,
    0x0, 0x0, 0x0, 0x0, 0x0, 0xa1, 0x0, 0x0,
    0x0, 0x0, 0x0, 0x0, 0x0, 0x0, 0x0, 0x0,

    /* U+F1949 "󱥉" */
    0x28, 0x88, 0x88, 0x88, 0x88, 0x82, 0x0, 0x0,
    0x4f, 0xff, 0xff, 0xff, 0xff, 0xf3, 0x0, 0x0,
    0x4f, 0x26, 0xf1, 0x4f, 0x33, 0xf3, 0x0, 0x0,
    0x4f, 0xff, 0xff, 0xff, 0xff, 0xf3, 0x0, 0x0,
    0x4f, 0xac, 0xf9, 0xaf, 0xaa, 0xf3, 0x0, 0x0,
    0x4f, 0x26, 0xf1, 0x4f, 0x33, 0xf3, 0x0, 0x0,
    0x4f, 0x9b, 0xf8, 0xaf, 0xa9, 0xb2, 0x0, 0x0,
    0x4f, 0xff, 0xff, 0xff, 0xb1, 0x0, 0x0, 0x0,
    0x4f, 0x26, 0xf1, 0x4c, 0x0, 0xf, 0xf0, 0x0,
    0x4f, 0xde, 0xfd, 0xd2, 0x3f, 0xef, 0xfe, 0xf2,
    0x4f, 0xcd, 0xff, 0xd0, 0x6f, 0xf7, 0x7f, 0xf5,
    0x4f, 0x26, 0xf1, 0x0, 0xd, 0xf0, 0xe, 0xd0,
    0x4f, 0xff, 0xf1, 0x0, 0x8f, 0xfc, 0xcf, 0xf7,
    0x28, 0x88, 0x80, 0x0, 0x1c, 0xbf, 0xfb, 0xc1,
    0x0, 0x0, 0x0, 0x0, 0x0, 0xf, 0xf0, 0x0,
    0x0, 0x0, 0x0, 0x0, 0x0, 0x0, 0x0, 0x0,

    /* U+F1A4E "󱩎" */
    0x0, 0x0, 0x0, 0x0, 0x36, 0x0, 0x0, 0x0,
    0x0, 0x0, 0x0, 0x0, 0x0, 0x7f, 0x0, 0x0,
    0x0, 0x0, 0x0, 0x3, 0x0, 0x0, 0x6d, 0x0,
    0x0, 0x40, 0x0, 0x0, 0xe, 0xc0, 0x0, 0x0,
    0x0, 0x8, 0xf4, 0x0, 0x0, 0x4, 0xc1, 0x4,
    0x89, 0x60, 0xa, 0x80, 0x0, 0x0, 0x0, 0x0,
    0xbf, 0xfe, 0xfe, 0x20, 0x0, 0x0, 0x0, 0x0,
    0xa, 0xf6, 0x0, 0x3e, 0xe0, 0x0, 0x0, 0x0,
    0x0, 0x2f, 0x80, 0x0, 0x4, 0xf6, 0x0, 0x0,
    0x1e, 0xe1, 0x5f, 0x30, 0x0, 0x0, 0xf9, 0xc,
    0xe5, 0x18, 0x81, 0x4f, 0x40, 0x0, 0x0, 0xf8,
    0x7, 0x83, 0x0, 0x0, 0xf, 0xb0, 0x0, 0x7,
    0xf4, 0x0, 0x0, 0x0, 0x0, 0x6, 0xfb, 0x30,
    0x8f, 0xb0, 0x0, 0x0, 0x0, 0x0, 0x0, 0x5f,
    0xb7, 0xfb, 0x0, 0x0, 0x0, 0x0, 0x0, 0x0,
    0xf, 0xff, 0xf7, 0x0, 0x0, 0x0, 0x0, 0x0,
    0x0, 0xa, 0xcc, 0xc3, 0x0, 0x0, 0x0, 0x0,
    0x0, 0x0, 0x2, 0x77, 0x50, 0x0, 0x0, 0x0,
    0x0, 0x0, 0x0, 0x2, 0xff, 0x90, 0x0, 0x0,
    0x0, 0x0, 0x0, 0x0, 0x0, 0x0, 0x0, 0x0,
    0x0, 0x0
};


/*---------------------
 *  GLYPH DESCRIPTION
 *--------------------*/

static const lv_font_fmt_txt_glyph_dsc_t glyph_dsc[] = {
    {.bitmap_index = 0, .adv_w = 0, .box_w = 0, .box_h = 0, .ofs_x = 0, .ofs_y = 0} /* id = 0 reserved */,
    {.bitmap_index = 0, .adv_w = 80, .box_w = 0, .box_h = 0, .ofs_x = 0, .ofs_y = 0},
    {.bitmap_index = 0, .adv_w = 80, .box_w = 3, .box_h = 13, .ofs_x = 1, .ofs_y = 0},
    {.bitmap_index = 20, .adv_w = 102, .box_w = 6, .box_h = 5, .ofs_x = 0, .ofs_y = 8},
    {.bitmap_index = 35, .adv_w = 160, .box_w = 10, .box_h = 13, .ofs_x = 0, .ofs_y = 0},
    {.bitmap_index = 100, .adv_w = 160, .box_w = 10, .box_h = 15, .ofs_x = 0, .ofs_y = -2},
    {.bitmap_index = 175, .adv_w = 256, .box_w = 16, .box_h = 13, .ofs_x = 0, .ofs_y = 0},
    {.bitmap_index = 279, .adv_w = 192, .box_w = 12, .box_h = 13, .ofs_x = 0, .ofs_y = 0},
    {.bitmap_index = 357, .adv_w = 55, .box_w = 3, .box_h = 5, .ofs_x = 0, .ofs_y = 8},
    {.bitmap_index = 365, .adv_w = 96, .box_w = 5, .box_h = 17, .ofs_x = 1, .ofs_y = -4},
    {.bitmap_index = 408, .adv_w = 96, .box_w = 5, .box_h = 17, .ofs_x = 0, .ofs_y = -4},
    {.bitmap_index = 451, .adv_w = 112, .box_w = 7, .box_h = 7, .ofs_x = 0, .ofs_y = 6},
    {.bitmap_index = 476, .adv_w = 168, .box_w = 10, .box_h = 10, .ofs_x = 0, .ofs_y = 2},
    {.bitmap_index = 526, .adv_w = 80, .box_w = 3, .box_h = 5, .ofs_x = 1, .ofs_y = -3},
    {.bitmap_index = 534, .adv_w = 96, .box_w = 6, .box_h = 3, .ofs_x = 0, .ofs_y = 4},
    {.bitmap_index = 543, .adv_w = 80, .box_w = 3, .box_h = 2, .ofs_x = 1, .ofs_y = 0},
    {.bitmap_index = 546, .adv_w = 80, .box_w = 5, .box_h = 13, .ofs_x = 0, .ofs_y = 0},
    {.bitmap_index = 579, .adv_w = 160, .box_w = 10, .box_h = 13, .ofs_x = 0, .ofs_y = 0},
    {.bitmap_index = 644, .adv_w = 160, .box_w = 9, .box_h = 13, .ofs_x = 1, .ofs_y = 0},
    {.bitmap_index = 703, .adv_w = 160, .box_w = 10, .box_h = 13, .ofs_x = 0, .ofs_y = 0},
    {.bitmap_index = 768, .adv_w = 160, .box_w = 10, .box_h = 13, .ofs_x = 0, .ofs_y = 0},
    {.bitmap_index = 833, .adv_w = 160, .box_w = 10, .box_h = 13, .ofs_x = 0, .ofs_y = 0},
    {.bitmap_index = 898, .adv_w = 160, .box_w = 10, .box_h = 13, .ofs_x = 0, .ofs_y = 0},
    {.bitmap_index = 963, .adv_w = 160, .box_w = 10, .box_h = 13, .ofs_x = 0, .ofs_y = 0},
    {.bitmap_index = 1028, .adv_w = 160, .box_w = 10, .box_h = 13, .ofs_x = 0, .ofs_y = 0},
    {.bitmap_index = 1093, .adv_w = 160, .box_w = 10, .box_h = 13, .ofs_x = 0, .ofs_y = 0},
    {.bitmap_index = 1158, .adv_w = 160, .box_w = 10, .box_h = 13, .ofs_x = 0, .ofs_y = 0},
    {.bitmap_index = 1223, .adv_w = 80, .box_w = 3, .box_h = 10, .ofs_x = 1, .ofs_y = 0},
    {.bitmap_index = 1238, .adv_w = 80, .box_w = 3, .box_h = 13, .ofs_x = 1, .ofs_y = -3},
    {.bitmap_index = 1258, .adv_w = 168, .box_w = 10, .box_h = 10, .ofs_x = 0, .ofs_y = 1},
    {.bitmap_index = 1308, .adv_w = 168, .box_w = 10, .box_h = 8, .ofs_x = 0, .ofs_y = 2},
    {.bitmap_index = 1348, .adv_w = 168, .box_w = 10, .box_h = 10, .ofs_x = 0, .ofs_y = 1},
    {.bitmap_index = 1398, .adv_w = 160, .box_w = 10, .box_h = 13, .ofs_x = 0, .ofs_y = 0},
    {.bitmap_index = 1463, .adv_w = 292, .box_w = 16, .box_h = 16, .ofs_x = 1, .ofs_y = -3},
    {.bitmap_index = 1591, .adv_w = 192, .box_w = 12, .box_h = 13, .ofs_x = 0, .ofs_y = 0},
    {.bitmap_index = 1669, .adv_w = 192, .box_w = 11, .box_h = 13, .ofs_x = 1, .ofs_y = 0},
    {.bitmap_index = 1741, .adv_w = 208, .box_w = 13, .box_h = 13, .ofs_x = 0, .ofs_y = 0},
    {.bitmap_index = 1826, .adv_w = 208, .box_w = 12, .box_h = 13, .ofs_x = 1, .ofs_y = 0},
    {.bitmap_index = 1904, .adv_w = 192, .box_w = 11, .box_h = 13, .ofs_x = 1, .ofs_y = 0},
    {.bitmap_index = 1976, .adv_w = 176, .box_w = 10, .box_h = 13, .ofs_x = 1, .ofs_y = 0},
    {.bitmap_index = 2041, .adv_w = 224, .box_w = 13, .box_h = 13, .ofs_x = 0, .ofs_y = 0},
    {.bitmap_index = 2126, .adv_w = 208, .box_w = 11, .box_h = 13, .ofs_x = 1, .ofs_y = 0},
    {.bitmap_index = 2198, .adv_w = 80, .box_w = 3, .box_h = 13, .ofs_x = 1, .ofs_y = 0},
    {.bitmap_index = 2218, .adv_w = 144, .box_w = 8, .box_h = 13, .ofs_x = 0, .ofs_y = 0},
    {.bitmap_index = 2270, .adv_w = 192, .box_w = 11, .box_h = 13, .ofs_x = 1, .ofs_y = 0},
    {.bitmap_index = 2342, .adv_w = 160, .box_w = 9, .box_h = 13, .ofs_x = 1, .ofs_y = 0},
    {.bitmap_index = 2401, .adv_w = 240, .box_w = 13, .box_h = 13, .ofs_x = 1, .ofs_y = 0},
    {.bitmap_index = 2486, .adv_w = 208, .box_w = 11, .box_h = 13, .ofs_x = 1, .ofs_y = 0},
    {.bitmap_index = 2558, .adv_w = 224, .box_w = 14, .box_h = 13, .ofs_x = 0, .ofs_y = 0},
    {.bitmap_index = 2649, .adv_w = 192, .box_w = 11, .box_h = 13, .ofs_x = 1, .ofs_y = 0},
    {.bitmap_index = 2721, .adv_w = 224, .box_w = 14, .box_h = 17, .ofs_x = 0, .ofs_y = -4},
    {.bitmap_index = 2840, .adv_w = 208, .box_w = 12, .box_h = 13, .ofs_x = 1, .ofs_y = 0},
    {.bitmap_index = 2918, .adv_w = 192, .box_w = 12, .box_h = 13, .ofs_x = 0, .ofs_y = 0},
    {.bitmap_index = 2996, .adv_w = 176, .box_w = 11, .box_h = 13, .ofs_x = 0, .ofs_y = 0},
    {.bitmap_index = 3068, .adv_w = 208, .box_w = 11, .box_h = 13, .ofs_x = 1, .ofs_y = 0},
    {.bitmap_index = 3140, .adv_w = 192, .box_w = 12, .box_h = 13, .ofs_x = 0, .ofs_y = 0},
    {.bitmap_index = 3218, .adv_w = 272, .box_w = 17, .box_h = 13, .ofs_x = 0, .ofs_y = 0},
    {.bitmap_index = 3329, .adv_w = 192, .box_w = 12, .box_h = 13, .ofs_x = 0, .ofs_y = 0},
    {.bitmap_index = 3407, .adv_w = 192, .box_w = 12, .box_h = 13, .ofs_x = 0, .ofs_y = 0},
    {.bitmap_index = 3485, .adv_w = 176, .box_w = 11, .box_h = 13, .ofs_x = 0, .ofs_y = 0},
    {.bitmap_index = 3557, .adv_w = 80, .box_w = 4, .box_h = 17, .ofs_x = 1, .ofs_y = -4},
    {.bitmap_index = 3591, .adv_w = 80, .box_w = 5, .box_h = 13, .ofs_x = 0, .ofs_y = 0},
    {.bitmap_index = 3624, .adv_w = 80, .box_w = 4, .box_h = 17, .ofs_x = 0, .ofs_y = -4},
    {.bitmap_index = 3658, .adv_w = 135, .box_w = 9, .box_h = 7, .ofs_x = 0, .ofs_y = 6},
    {.bitmap_index = 3690, .adv_w = 160, .box_w = 12, .box_h = 2, .ofs_x = -1, .ofs_y = -5},
    {.bitmap_index = 3702, .adv_w = 96, .box_w = 5, .box_h = 3, .ofs_x = 0, .ofs_y = 11},
    {.bitmap_index = 3710, .adv_w = 160, .box_w = 11, .box_h = 10, .ofs_x = 0, .ofs_y = 0},
    {.bitmap_index = 3765, .adv_w = 160, .box_w = 9, .box_h = 13, .ofs_x = 1, .ofs_y = 0},
    {.bitmap_index = 3824, .adv_w = 144, .box_w = 9, .box_h = 10, .ofs_x = 0, .ofs_y = 0},
    {.bitmap_index = 3869, .adv_w = 160, .box_w = 9, .box_h = 13, .ofs_x = 0, .ofs_y = 0},
    {.bitmap_index = 3928, .adv_w = 160, .box_w = 10, .box_h = 10, .ofs_x = 0, .ofs_y = 0},
    {.bitmap_index = 3978, .adv_w = 80, .box_w = 6, .box_h = 13, .ofs_x = 0, .ofs_y = 0},
    {.bitmap_index = 4017, .adv_w = 160, .box_w = 9, .box_h = 14, .ofs_x = 0, .ofs_y = -4},
    {.bitmap_index = 4080, .adv_w = 160, .box_w = 8, .box_h = 13, .ofs_x = 1, .ofs_y = 0},
    {.bitmap_index = 4132, .adv_w = 64, .box_w = 2, .box_h = 13, .ofs_x = 1, .ofs_y = 0},
    {.bitmap_index = 4145, .adv_w = 64, .box_w = 4, .box_h = 17, .ofs_x = -1, .ofs_y = -4},
    {.bitmap_index = 4179, .adv_w = 144, .box_w = 9, .box_h = 13, .ofs_x = 1, .ofs_y = 0},
    {.bitmap_index = 4238, .adv_w = 64, .box_w = 2, .box_h = 13, .ofs_x = 1, .ofs_y = 0},
    {.bitmap_index = 4251, .adv_w = 240, .box_w = 13, .box_h = 10, .ofs_x = 1, .ofs_y = 0},
    {.bitmap_index = 4316, .adv_w = 160, .box_w = 8, .box_h = 10, .ofs_x = 1, .ofs_y = 0},
    {.bitmap_index = 4356, .adv_w = 160, .box_w = 10, .box_h = 10, .ofs_x = 0, .ofs_y = 0},
    {.bitmap_index = 4406, .adv_w = 160, .box_w = 9, .box_h = 14, .ofs_x = 1, .ofs_y = -4},
    {.bitmap_index = 4469, .adv_w = 160, .box_w = 9, .box_h = 14, .ofs_x = 0, .ofs_y = -4},
    {.bitmap_index = 4532, .adv_w = 96, .box_w = 5, .box_h = 11, .ofs_x = 1, .ofs_y = 0},
    {.bitmap_index = 4560, .adv_w = 144, .box_w = 9, .box_h = 10, .ofs_x = 0, .ofs_y = 0},
    {.bitmap_index = 4605, .adv_w = 80, .box_w = 5, .box_h = 12, .ofs_x = 0, .ofs_y = 0},
    {.bitmap_index = 4635, .adv_w = 160, .box_w = 8, .box_h = 10, .ofs_x = 1, .ofs_y = 0},
    {.bitmap_index = 4675, .adv_w = 144, .box_w = 9, .box_h = 10, .ofs_x = 0, .ofs_y = 0},
    {.bitmap_index = 4720, .adv_w = 208, .box_w = 15, .box_h = 10, .ofs_x = -1, .ofs_y = 0},
    {.bitmap_index = 4795, .adv_w = 144, .box_w = 9, .box_h = 10, .ofs_x = 0, .ofs_y = 0},
    {.bitmap_index = 4840, .adv_w = 144, .box_w = 9, .box_h = 14, .ofs_x = 0, .ofs_y = -4},
    {.bitmap_index = 4903, .adv_w = 144, .box_w = 9, .box_h = 10, .ofs_x = 0, .ofs_y = 0},
    {.bitmap_index = 4948, .adv_w = 96, .box_w = 6, .box_h = 17, .ofs_x = 0, .ofs_y = -4},
    {.bitmap_index = 4999, .adv_w = 75, .box_w = 3, .box_h = 17, .ofs_x = 1, .ofs_y = -4},
    {.bitmap_index = 5025, .adv_w = 96, .box_w = 6, .box_h = 17, .ofs_x = 0, .ofs_y = -4},
    {.bitmap_index = 5076, .adv_w = 168, .box_w = 10, .box_h = 4, .ofs_x = 0, .ofs_y = 4},
    {.bitmap_index = 5096, .adv_w = 292, .box_w = 17, .box_h = 17, .ofs_x = 1, .ofs_y = -2},
    {.bitmap_index = 5241, .adv_w = 292, .box_w = 16, .box_h = 16, .ofs_x = 1, .ofs_y = -2},
    {.bitmap_index = 5369, .adv_w = 292, .box_w = 18, .box_h = 10, .ofs_x = 0, .ofs_y = 1},
    {.bitmap_index = 5459, .adv_w = 292, .box_w = 15, .box_h = 17, .ofs_x = 2, .ofs_y = -2},
    {.bitmap_index = 5587, .adv_w = 292, .box_w = 16, .box_h = 17, .ofs_x = 1, .ofs_y = -2},
    {.bitmap_index = 5723, .adv_w = 292, .box_w = 18, .box_h = 18, .ofs_x = 0, .ofs_y = -3},
    {.bitmap_index = 5885, .adv_w = 292, .box_w = 16, .box_h = 16, .ofs_x = 1, .ofs_y = -2},
    {.bitmap_index = 6013, .adv_w = 292, .box_w = 19, .box_h = 19, .ofs_x = 0, .ofs_y = -3},
    {.bitmap_index = 6194, .adv_w = 292, .box_w = 13, .box_h = 13, .ofs_x = 3, .ofs_y = 0},
    {.bitmap_index = 6279, .adv_w = 292, .box_w = 12, .box_h = 13, .ofs_x = 3, .ofs_y = 0},
    {.bitmap_index = 6357, .adv_w = 292, .box_w = 18, .box_h = 15, .ofs_x = 0, .ofs_y = -1},
    {.bitmap_index = 6492, .adv_w = 292, .box_w = 20, .box_h = 18, .ofs_x = 0, .ofs_y = -3},
    {.bitmap_index = 6672, .adv_w = 292, .box_w = 19, .box_h = 15, .ofs_x = 0, .ofs_y = -1},
    {.bitmap_index = 6815, .adv_w = 292, .box_w = 20, .box_h = 16, .ofs_x = 0, .ofs_y = -2},
    {.bitmap_index = 6975, .adv_w = 292, .box_w = 15, .box_h = 17, .ofs_x = 2, .ofs_y = -2},
    {.bitmap_index = 7103, .adv_w = 292, .box_w = 16, .box_h = 16, .ofs_x = 1, .ofs_y = -2},
    {.bitmap_index = 7231, .adv_w = 292, .box_w = 16, .box_h = 16, .ofs_x = 1, .ofs_y = -2},
    {.bitmap_index = 7359, .adv_w = 292, .box_w = 19, .box_h = 16, .ofs_x = 0, .ofs_y = -2},
    {.bitmap_index = 7511, .adv_w = 292, .box_w = 18, .box_h = 18, .ofs_x = 0, .ofs_y = -3},
    {.bitmap_index = 7673, .adv_w = 292, .box_w = 20, .box_h = 13, .ofs_x = 0, .ofs_y = 0},
    {.bitmap_index = 7803, .adv_w = 292, .box_w = 8, .box_h = 15, .ofs_x = 5, .ofs_y = -1},
    {.bitmap_index = 7863, .adv_w = 292, .box_w = 21, .box_h = 14, .ofs_x = 0, .ofs_y = -1},
    {.bitmap_index = 8010, .adv_w = 292, .box_w = 21, .box_h = 14, .ofs_x = 0, .ofs_y = -1},
    {.bitmap_index = 8157, .adv_w = 292, .box_w = 19, .box_h = 19, .ofs_x = 0, .ofs_y = -3},
    {.bitmap_index = 8338, .adv_w = 292, .box_w = 12, .box_h = 19, .ofs_x = 3, .ofs_y = -3},
    {.bitmap_index = 8452, .adv_w = 292, .box_w = 18, .box_h = 16, .ofs_x = 0, .ofs_y = -2},
    {.bitmap_index = 8596, .adv_w = 292, .box_w = 15, .box_h = 19, .ofs_x = 2, .ofs_y = -3},
    {.bitmap_index = 8739, .adv_w = 292, .box_w = 17, .box_h = 17, .ofs_x = 1, .ofs_y = -2},
    {.bitmap_index = 8884, .adv_w = 292, .box_w = 19, .box_h = 19, .ofs_x = 0, .ofs_y = -3},
    {.bitmap_index = 9065, .adv_w = 292, .box_w = 16, .box_h = 16, .ofs_x = 1, .ofs_y = -2},
    {.bitmap_index = 9193, .adv_w = 292, .box_w = 16, .box_h = 15, .ofs_x = 1, .ofs_y = -1},
    {.bitmap_index = 9313, .adv_w = 292, .box_w = 16, .box_h = 11, .ofs_x = 1, .ofs_y = 1},
    {.bitmap_index = 9401, .adv_w = 292, .box_w = 13, .box_h = 13, .ofs_x = 3, .ofs_y = 0},
    {.bitmap_index = 9486, .adv_w = 292, .box_w = 16, .box_h = 13, .ofs_x = 1, .ofs_y = 0},
    {.bitmap_index = 9590, .adv_w = 292, .box_w = 15, .box_h = 14, .ofs_x = 2, .ofs_y = -1},
    {.bitmap_index = 9695, .adv_w = 292, .box_w = 14, .box_h = 14, .ofs_x = 2, .ofs_y = -1},
    {.bitmap_index = 9793, .adv_w = 292, .box_w = 16, .box_h = 13, .ofs_x = 1, .ofs_y = 0},
    {.bitmap_index = 9897, .adv_w = 292, .box_w = 16, .box_h = 16, .ofs_x = 1, .ofs_y = -2},
    {.bitmap_index = 10025, .adv_w = 292, .box_w = 19, .box_h = 19, .ofs_x = 0, .ofs_y = -3},
    {.bitmap_index = 10206, .adv_w = 292, .box_w = 19, .box_h = 13, .ofs_x = 0, .ofs_y = 0},
    {.bitmap_index = 10330, .adv_w = 292, .box_w = 16, .box_h = 16, .ofs_x = 1, .ofs_y = -2},
    {.bitmap_index = 10458, .adv_w = 292, .box_w = 18, .box_h = 13, .ofs_x = 0, .ofs_y = 0},
    {.bitmap_index = 10575, .adv_w = 292, .box_w = 16, .box_h = 12, .ofs_x = 1, .ofs_y = 0},
    {.bitmap_index = 10671, .adv_w = 292, .box_w = 16, .box_h = 12, .ofs_x = 1, .ofs_y = 0},
    {.bitmap_index = 10767, .adv_w = 292, .box_w = 19, .box_h = 11, .ofs_x = 0, .ofs_y = 1},
    {.bitmap_index = 10872, .adv_w = 292, .box_w = 16, .box_h = 16, .ofs_x = 1, .ofs_y = -2},
    {.bitmap_index = 11000, .adv_w = 292, .box_w = 14, .box_h = 16, .ofs_x = 2, .ofs_y = -2},
    {.bitmap_index = 11112, .adv_w = 292, .box_w = 13, .box_h = 13, .ofs_x = 3, .ofs_y = 0},
    {.bitmap_index = 11197, .adv_w = 292, .box_w = 18, .box_h = 13, .ofs_x = 0, .ofs_y = 0},
    {.bitmap_index = 11314, .adv_w = 292, .box_w = 18, .box_h = 13, .ofs_x = 0, .ofs_y = 0},
    {.bitmap_index = 11431, .adv_w = 292, .box_w = 16, .box_h = 15, .ofs_x = 1, .ofs_y = -1},
    {.bitmap_index = 11551, .adv_w = 292, .box_w = 18, .box_h = 13, .ofs_x = 0, .ofs_y = 0},
    {.bitmap_index = 11668, .adv_w = 292, .box_w = 18, .box_h = 18, .ofs_x = 0, .ofs_y = -3},
    {.bitmap_index = 11830, .adv_w = 292, .box_w = 16, .box_h = 18, .ofs_x = 1, .ofs_y = -3},
    {.bitmap_index = 11974, .adv_w = 292, .box_w = 16, .box_h = 16, .ofs_x = 1, .ofs_y = -2},
    {.bitmap_index = 12102, .adv_w = 292, .box_w = 14, .box_h = 19, .ofs_x = 2, .ofs_y = -3},
    {.bitmap_index = 12235, .adv_w = 292, .box_w = 13, .box_h = 17, .ofs_x = 3, .ofs_y = -2},
    {.bitmap_index = 12346, .adv_w = 292, .box_w = 14, .box_h = 14, .ofs_x = 2, .ofs_y = -1},
    {.bitmap_index = 12444, .adv_w = 292, .box_w = 17, .box_h = 17, .ofs_x = 1, .ofs_y = -2},
    {.bitmap_index = 12589, .adv_w = 292, .box_w = 18, .box_h = 15, .ofs_x = 0, .ofs_y = -1},
    {.bitmap_index = 12724, .adv_w = 292, .box_w = 18, .box_h = 15, .ofs_x = 0, .ofs_y = -1},
    {.bitmap_index = 12859, .adv_w = 292, .box_w = 13, .box_h = 13, .ofs_x = 3, .ofs_y = 0},
    {.bitmap_index = 12944, .adv_w = 292, .box_w = 14, .box_h = 17, .ofs_x = 2, .ofs_y = -2},
    {.bitmap_index = 13063, .adv_w = 292, .box_w = 17, .box_h = 14, .ofs_x = 1, .ofs_y = -1},
    {.bitmap_index = 13182, .adv_w = 292, .box_w = 10, .box_h = 16, .ofs_x = 4, .ofs_y = -2},
    {.bitmap_index = 13262, .adv_w = 292, .box_w = 10, .box_h = 16, .ofs_x = 4, .ofs_y = -2},
    {.bitmap_index = 13342, .adv_w = 292, .box_w = 10, .box_h = 16, .ofs_x = 4, .ofs_y = -2},
    {.bitmap_index = 13422, .adv_w = 292, .box_w = 18, .box_h = 17, .ofs_x = 0, .ofs_y = -2},
    {.bitmap_index = 13575, .adv_w = 292, .box_w = 16, .box_h = 14, .ofs_x = 1, .ofs_y = -1},
    {.bitmap_index = 13687, .adv_w = 292, .box_w = 16, .box_h = 14, .ofs_x = 1, .ofs_y = -1},
    {.bitmap_index = 13799, .adv_w = 292, .box_w = 16, .box_h = 16, .ofs_x = 1, .ofs_y = -2},
    {.bitmap_index = 13927, .adv_w = 292, .box_w = 14, .box_h = 11, .ofs_x = 2, .ofs_y = 1},
    {.bitmap_index = 14004, .adv_w = 292, .box_w = 14, .box_h = 14, .ofs_x = 2, .ofs_y = -1},
    {.bitmap_index = 14102, .adv_w = 292, .box_w = 16, .box_h = 16, .ofs_x = 1, .ofs_y = -2},
    {.bitmap_index = 14230, .adv_w = 292, .box_w = 16, .box_h = 16, .ofs_x = 1, .ofs_y = -2},
    {.bitmap_index = 14358, .adv_w = 292, .box_w = 19, .box_h = 13, .ofs_x = 0, .ofs_y = 0},
    {.bitmap_index = 14482, .adv_w = 292, .box_w = 15, .box_h = 18, .ofs_x = 2, .ofs_y = -3},
    {.bitmap_index = 14617, .adv_w = 292, .box_w = 12, .box_h = 14, .ofs_x = 3, .ofs_y = -1},
    {.bitmap_index = 14701, .adv_w = 292, .box_w = 14, .box_h = 14, .ofs_x = 2, .ofs_y = -1},
    {.bitmap_index = 14799, .adv_w = 292, .box_w = 12, .box_h = 14, .ofs_x = 3, .ofs_y = -1},
    {.bitmap_index = 14883, .adv_w = 292, .box_w = 16, .box_h = 15, .ofs_x = 1, .ofs_y = -1},
    {.bitmap_index = 15003, .adv_w = 292, .box_w = 2, .box_h = 13, .ofs_x = 8, .ofs_y = 0},
    {.bitmap_index = 15016, .adv_w = 292, .box_w = 13, .box_h = 16, .ofs_x = 3, .ofs_y = -2},
    {.bitmap_index = 15120, .adv_w = 292, .box_w = 13, .box_h = 16, .ofs_x = 3, .ofs_y = -2},
    {.bitmap_index = 15224, .adv_w = 292, .box_w = 16, .box_h = 13, .ofs_x = 1, .ofs_y = 0},
    {.bitmap_index = 15328, .adv_w = 292, .box_w = 16, .box_h = 13, .ofs_x = 1, .ofs_y = 0},
    {.bitmap_index = 15432, .adv_w = 292, .box_w = 16, .box_h = 13, .ofs_x = 1, .ofs_y = 0},
    {.bitmap_index = 15536, .adv_w = 292, .box_w = 16, .box_h = 16, .ofs_x = 1, .ofs_y = -2},
    {.bitmap_index = 15664, .adv_w = 292, .box_w = 16, .box_h = 14, .ofs_x = 1, .ofs_y = -1},
    {.bitmap_index = 15776, .adv_w = 292, .box_w = 14, .box_h = 15, .ofs_x = 2, .ofs_y = -1},
    {.bitmap_index = 15881, .adv_w = 292, .box_w = 14, .box_h = 13, .ofs_x = 2, .ofs_y = 0},
    {.bitmap_index = 15972, .adv_w = 292, .box_w = 16, .box_h = 16, .ofs_x = 1, .ofs_y = -2},
    {.bitmap_index = 16100, .adv_w = 292, .box_w = 14, .box_h = 15, .ofs_x = 2, .ofs_y = -1},
    {.bitmap_index = 16205, .adv_w = 292, .box_w = 15, .box_h = 15, .ofs_x = 2, .ofs_y = -1},
    {.bitmap_index = 16318, .adv_w = 292, .box_w = 15, .box_h = 10, .ofs_x = 2, .ofs_y = 1},
    {.bitmap_index = 16393, .adv_w = 292, .box_w = 15, .box_h = 11, .ofs_x = 2, .ofs_y = 1},
    {.bitmap_index = 16476, .adv_w = 292, .box_w = 18, .box_h = 18, .ofs_x = 0, .ofs_y = -3},
    {.bitmap_index = 16638, .adv_w = 292, .box_w = 18, .box_h = 18, .ofs_x = 0, .ofs_y = -3},
    {.bitmap_index = 16800, .adv_w = 292, .box_w = 18, .box_h = 18, .ofs_x = 0, .ofs_y = -3},
    {.bitmap_index = 16962, .adv_w = 292, .box_w = 12, .box_h = 16, .ofs_x = 3, .ofs_y = -2},
    {.bitmap_index = 17058, .adv_w = 292, .box_w = 14, .box_h = 16, .ofs_x = 2, .ofs_y = -2},
    {.bitmap_index = 17170, .adv_w = 292, .box_w = 14, .box_h = 16, .ofs_x = 2, .ofs_y = -2},
    {.bitmap_index = 17282, .adv_w = 292, .box_w = 14, .box_h = 14, .ofs_x = 2, .ofs_y = -1},
    {.bitmap_index = 17380, .adv_w = 292, .box_w = 14, .box_h = 10, .ofs_x = 2, .ofs_y = 1},
    {.bitmap_index = 17450, .adv_w = 292, .box_w = 12, .box_h = 15, .ofs_x = 3, .ofs_y = -1},
    {.bitmap_index = 17540, .adv_w = 292, .box_w = 14, .box_h = 15, .ofs_x = 2, .ofs_y = -1},
    {.bitmap_index = 17645, .adv_w = 292, .box_w = 18, .box_h = 16, .ofs_x = 0, .ofs_y = -2},
    {.bitmap_index = 17789, .adv_w = 292, .box_w = 9, .box_h = 11, .ofs_x = 5, .ofs_y = 1},
    {.bitmap_index = 17839, .adv_w = 292, .box_w = 13, .box_h = 14, .ofs_x = 3, .ofs_y = -1},
    {.bitmap_index = 17930, .adv_w = 292, .box_w = 14, .box_h = 14, .ofs_x = 2, .ofs_y = -1},
    {.bitmap_index = 18028, .adv_w = 292, .box_w = 12, .box_h = 11, .ofs_x = 3, .ofs_y = 1},
    {.bitmap_index = 18094, .adv_w = 292, .box_w = 12, .box_h = 18, .ofs_x = 3, .ofs_y = -3},
    {.bitmap_index = 18202, .adv_w = 292, .box_w = 13, .box_h = 16, .ofs_x = 3, .ofs_y = -2},
    {.bitmap_index = 18306, .adv_w = 292, .box_w = 16, .box_h = 16, .ofs_x = 1, .ofs_y = -2},
    {.bitmap_index = 18434, .adv_w = 292, .box_w = 14, .box_h = 18, .ofs_x = 2, .ofs_y = -3},
    {.bitmap_index = 18560, .adv_w = 292, .box_w = 15, .box_h = 16, .ofs_x = 2, .ofs_y = -2},
    {.bitmap_index = 18680, .adv_w = 292, .box_w = 14, .box_h = 14, .ofs_x = 2, .ofs_y = -1},
    {.bitmap_index = 18778, .adv_w = 292, .box_w = 10, .box_h = 10, .ofs_x = 4, .ofs_y = 1},
    {.bitmap_index = 18828, .adv_w = 292, .box_w = 14, .box_h = 14, .ofs_x = 2, .ofs_y = -1},
    {.bitmap_index = 18926, .adv_w = 292, .box_w = 16, .box_h = 16, .ofs_x = 1, .ofs_y = -2},
    {.bitmap_index = 19054, .adv_w = 292, .box_w = 16, .box_h = 10, .ofs_x = 1, .ofs_y = 1},
    {.bitmap_index = 19134, .adv_w = 292, .box_w = 14, .box_h = 14, .ofs_x = 2, .ofs_y = -1},
    {.bitmap_index = 19232, .adv_w = 292, .box_w = 11, .box_h = 13, .ofs_x = 4, .ofs_y = 0},
    {.bitmap_index = 19304, .adv_w = 292, .box_w = 16, .box_h = 16, .ofs_x = 1, .ofs_y = -2},
    {.bitmap_index = 19432, .adv_w = 292, .box_w = 14, .box_h = 17, .ofs_x = 2, .ofs_y = -2},
    {.bitmap_index = 19551, .adv_w = 292, .box_w = 17, .box_h = 14, .ofs_x = 1, .ofs_y = -1},
    {.bitmap_index = 19670, .adv_w = 292, .box_w = 18, .box_h = 14, .ofs_x = 0, .ofs_y = -1},
    {.bitmap_index = 19796, .adv_w = 292, .box_w = 12, .box_h = 11, .ofs_x = 3, .ofs_y = 1},
    {.bitmap_index = 19862, .adv_w = 292, .box_w = 18, .box_h = 9, .ofs_x = 0, .ofs_y = 2},
    {.bitmap_index = 19943, .adv_w = 292, .box_w = 13, .box_h = 16, .ofs_x = 3, .ofs_y = -2},
    {.bitmap_index = 20047, .adv_w = 292, .box_w = 12, .box_h = 15, .ofs_x = 3, .ofs_y = -1},
    {.bitmap_index = 20137, .adv_w = 292, .box_w = 18, .box_h = 16, .ofs_x = 0, .ofs_y = -2},
    {.bitmap_index = 20281, .adv_w = 292, .box_w = 16, .box_h = 16, .ofs_x = 1, .ofs_y = -2},
    {.bitmap_index = 20409, .adv_w = 292, .box_w = 16, .box_h = 16, .ofs_x = 1, .ofs_y = -2},
    {.bitmap_index = 20537, .adv_w = 292, .box_w = 14, .box_h = 16, .ofs_x = 2, .ofs_y = -2},
    {.bitmap_index = 20649, .adv_w = 292, .box_w = 16, .box_h = 16, .ofs_x = 1, .ofs_y = -2},
    {.bitmap_index = 20777, .adv_w = 292, .box_w = 16, .box_h = 16, .ofs_x = 1, .ofs_y = -2},
    {.bitmap_index = 20905, .adv_w = 292, .box_w = 17, .box_h = 15, .ofs_x = 1, .ofs_y = -1},
    {.bitmap_index = 21033, .adv_w = 292, .box_w = 19, .box_h = 12, .ofs_x = 0, .ofs_y = 0},
    {.bitmap_index = 21147, .adv_w = 292, .box_w = 16, .box_h = 12, .ofs_x = 1, .ofs_y = 0},
    {.bitmap_index = 21243, .adv_w = 292, .box_w = 14, .box_h = 6, .ofs_x = 2, .ofs_y = 3},
    {.bitmap_index = 21285, .adv_w = 292, .box_w = 18, .box_h = 16, .ofs_x = 0, .ofs_y = -2},
    {.bitmap_index = 21429, .adv_w = 292, .box_w = 18, .box_h = 15, .ofs_x = 0, .ofs_y = -1},
    {.bitmap_index = 21564, .adv_w = 292, .box_w = 18, .box_h = 15, .ofs_x = 0, .ofs_y = -1},
    {.bitmap_index = 21699, .adv_w = 292, .box_w = 18, .box_h = 15, .ofs_x = 0, .ofs_y = -1},
    {.bitmap_index = 21834, .adv_w = 292, .box_w = 18, .box_h = 15, .ofs_x = 0, .ofs_y = -1},
    {.bitmap_index = 21969, .adv_w = 292, .box_w = 18, .box_h = 16, .ofs_x = 0, .ofs_y = -2},
    {.bitmap_index = 22113, .adv_w = 292, .box_w = 18, .box_h = 15, .ofs_x = 0, .ofs_y = -1},
    {.bitmap_index = 22248, .adv_w = 292, .box_w = 13, .box_h = 11, .ofs_x = 3, .ofs_y = 1},
    {.bitmap_index = 22320, .adv_w = 292, .box_w = 16, .box_h = 16, .ofs_x = 1, .ofs_y = -2},
    {.bitmap_index = 22448, .adv_w = 292, .box_w = 14, .box_h = 14, .ofs_x = 2, .ofs_y = -1},
    {.bitmap_index = 22546, .adv_w = 292, .box_w = 16, .box_h = 16, .ofs_x = 1, .ofs_y = -2},
    {.bitmap_index = 22674, .adv_w = 292, .box_w = 17, .box_h = 17, .ofs_x = 1, .ofs_y = -2},
    {.bitmap_index = 22819, .adv_w = 292, .box_w = 16, .box_h = 16, .ofs_x = 1, .ofs_y = -2},
    {.bitmap_index = 22947, .adv_w = 292, .box_w = 15, .box_h = 17, .ofs_x = 2, .ofs_y = -2},
    {.bitmap_index = 23075, .adv_w = 292, .box_w = 16, .box_h = 16, .ofs_x = 1, .ofs_y = -2},
    {.bitmap_index = 23203, .adv_w = 292, .box_w = 15, .box_h = 17, .ofs_x = 2, .ofs_y = -2},
    {.bitmap_index = 23331, .adv_w = 292, .box_w = 14, .box_h = 18, .ofs_x = 2, .ofs_y = -3},
    {.bitmap_index = 23457, .adv_w = 292, .box_w = 14, .box_h = 17, .ofs_x = 2, .ofs_y = -2},
    {.bitmap_index = 23576, .adv_w = 292, .box_w = 16, .box_h = 15, .ofs_x = 1, .ofs_y = -1},
    {.bitmap_index = 23696, .adv_w = 292, .box_w = 14, .box_h = 14, .ofs_x = 2, .ofs_y = -1},
    {.bitmap_index = 23794, .adv_w = 292, .box_w = 16, .box_h = 16, .ofs_x = 1, .ofs_y = -2},
    {.bitmap_index = 23922, .adv_w = 292, .box_w = 17, .box_h = 17, .ofs_x = 1, .ofs_y = -2},
    {.bitmap_index = 24067, .adv_w = 292, .box_w = 16, .box_h = 11, .ofs_x = 1, .ofs_y = 1},
    {.bitmap_index = 24155, .adv_w = 292, .box_w = 18, .box_h = 16, .ofs_x = 0, .ofs_y = -2},
    {.bitmap_index = 24299, .adv_w = 292, .box_w = 14, .box_h = 18, .ofs_x = 2, .ofs_y = -3},
    {.bitmap_index = 24425, .adv_w = 292, .box_w = 8, .box_h = 16, .ofs_x = 5, .ofs_y = -2},
    {.bitmap_index = 24489, .adv_w = 292, .box_w = 15, .box_h = 14, .ofs_x = 2, .ofs_y = -1},
    {.bitmap_index = 24594, .adv_w = 292, .box_w = 16, .box_h = 16, .ofs_x = 1, .ofs_y = -2},
    {.bitmap_index = 24722, .adv_w = 292, .box_w = 14, .box_h = 6, .ofs_x = 2, .ofs_y = 3},
    {.bitmap_index = 24764, .adv_w = 292, .box_w = 16, .box_h = 12, .ofs_x = 1, .ofs_y = 0},
    {.bitmap_index = 24860, .adv_w = 292, .box_w = 16, .box_h = 16, .ofs_x = 1, .ofs_y = -2},
    {.bitmap_index = 24988, .adv_w = 292, .box_w = 10, .box_h = 16, .ofs_x = 4, .ofs_y = -2},
    {.bitmap_index = 25068, .adv_w = 292, .box_w = 18, .box_h = 18, .ofs_x = 0, .ofs_y = -3},
    {.bitmap_index = 25230, .adv_w = 292, .box_w = 18, .box_h = 16, .ofs_x = 0, .ofs_y = -2},
    {.bitmap_index = 25374, .adv_w = 292, .box_w = 14, .box_h = 14, .ofs_x = 2, .ofs_y = -1},
    {.bitmap_index = 25472, .adv_w = 292, .box_w = 13, .box_h = 17, .ofs_x = 3, .ofs_y = -2},
    {.bitmap_index = 25583, .adv_w = 292, .box_w = 16, .box_h = 13, .ofs_x = 1, .ofs_y = 0},
    {.bitmap_index = 25687, .adv_w = 292, .box_w = 16, .box_h = 14, .ofs_x = 1, .ofs_y = -1},
    {.bitmap_index = 25799, .adv_w = 292, .box_w = 17, .box_h = 15, .ofs_x = 1, .ofs_y = -1},
    {.bitmap_index = 25927, .adv_w = 292, .box_w = 18, .box_h = 16, .ofs_x = 0, .ofs_y = -2},
    {.bitmap_index = 26071, .adv_w = 292, .box_w = 18, .box_h = 16, .ofs_x = 0, .ofs_y = -2},
    {.bitmap_index = 26215, .adv_w = 292, .box_w = 17, .box_h = 16, .ofs_x = 1, .ofs_y = -2},
    {.bitmap_index = 26351, .adv_w = 292, .box_w = 18, .box_h = 16, .ofs_x = 0, .ofs_y = -2},
    {.bitmap_index = 26495, .adv_w = 292, .box_w = 16, .box_h = 16, .ofs_x = 1, .ofs_y = -2},
    {.bitmap_index = 26623, .adv_w = 292, .box_w = 18, .box_h = 18, .ofs_x = 0, .ofs_y = -3}
};

/*---------------------
 *  CHARACTER MAPPING
 *--------------------*/

static const uint16_t unicode_list_1[] = {
    0x0, 0x7b, 0x19b, 0x48d, 0x4a9, 0x4c3, 0x4c7, 0x53c,
    0x9f8, 0xa12, 0xa13, 0xa1b, 0xa25, 0xa29, 0xa36, 0xa38,
    0xa55, 0xa79, 0xafb, 0xb07, 0xb14, 0xbef, 0xbf0, 0xc8d,
    0xcb2, 0xceb, 0xd00, 0xe92, 0xed8
};

static const uint16_t unicode_list_3[] = {
    0x0, 0x11, 0x3a, 0x45, 0x4f, 0x59, 0x5a, 0x74,
    0xd6, 0xd7, 0xda, 0x102, 0x107, 0x12f, 0x130, 0x13d,
    0x165, 0x18a, 0x1ac, 0x1b0, 0x1d6, 0x1db, 0x1ea, 0x1fa,
    0x221, 0x228, 0x22e, 0x2ad, 0x2b2, 0x2bf, 0x2d0, 0x2d2,
    0x2df, 0x2e0, 0x2e7, 0x2eb, 0x2ee, 0x2ef, 0x2f0, 0x30c,
    0x318, 0x319, 0x331, 0x332, 0x342, 0x343, 0x34f, 0x3e0,
    0x3fb, 0x408, 0x420, 0x42a, 0x42f, 0x45a, 0x461, 0x469,
    0x46a, 0x4b1, 0x4da, 0x4e0, 0x51d, 0x554, 0x556, 0x575,
    0x57d, 0x57f, 0x580, 0x583, 0x5ee, 0x621, 0x632, 0x67f,
    0x6c9, 0x6cc, 0x6df, 0x710, 0x73c, 0x7a6, 0x81f, 0x83e,
    0x896, 0x89c, 0x8f5, 0x8f8, 0x8fb, 0x8fe, 0x903, 0x905,
    0x980, 0x9f4, 0xa35, 0xa36, 0xa64, 0xa7b, 0xa8f, 0xb02,
    0xb6e, 0xb9a, 0xb9b, 0xba3, 0xc28, 0xc9c, 0xd6b, 0xd6d,
    0xd84, 0xe1f, 0xe9b, 0xf6a, 0xff4, 0x1026, 0x105d, 0x1070,
    0x1277, 0x1280, 0x129c, 0x14d1, 0x154a, 0x1581, 0x168b, 0x1693,
    0x1694, 0x1699, 0x169b, 0x169d, 0x191f, 0x1a24
};

/*Collect the unicode lists and glyph_id offsets*/
static const lv_font_fmt_txt_cmap_t cmaps[] =
{
    {
        .range_start = 32, .range_length = 95, .glyph_id_start = 1,
        .unicode_list = NULL, .glyph_id_ofs_list = NULL, .list_length = 0, .type = LV_FONT_FMT_TXT_CMAP_FORMAT0_TINY
    },
    {
        .range_start = 58901, .range_length = 3801, .glyph_id_start = 96,
        .unicode_list = unicode_list_1, .glyph_id_ofs_list = NULL, .list_length = 29, .type = LV_FONT_FMT_TXT_CMAP_SPARSE_TINY
    },
    {
        .range_start = 983041, .range_length = 31, .glyph_id_start = 125,
        .unicode_list = NULL, .glyph_id_ofs_list = NULL, .list_length = 0, .type = LV_FONT_FMT_TXT_CMAP_FORMAT0_TINY
    },
    {
        .range_start = 983082, .range_length = 6693, .glyph_id_start = 156,
        .unicode_list = unicode_list_3, .glyph_id_ofs_list = NULL, .list_length = 126, .type = LV_FONT_FMT_TXT_CMAP_SPARSE_TINY
    }
};

/*-----------------
 *    KERNING
 *----------------*/


/*Pair left and right glyphs for kerning*/
static const uint16_t kern_pair_glyph_ids[] =
{
    1, 34,
    1, 53,
    1, 58,
    18, 18,
    34, 1,
    34, 53,
    34, 55,
    34, 56,
    34, 58,
    34, 87,
    34, 88,
    34, 90,
    39, 13,
    39, 15,
    39, 34,
    45, 1,
    45, 53,
    45, 55,
    45, 56,
    45, 58,
    45, 90,
    49, 1,
    49, 13,
    49, 15,
    49, 34,
    51, 53,
    51, 55,
    51, 56,
    51, 58,
    53, 1,
    53, 13,
    53, 14,
    53, 15,
    53, 27,
    53, 28,
    53, 34,
    53, 48,
    53, 66,
    53, 68,
    53, 70,
    53, 74,
    53, 80,
    53, 83,
    53, 84,
    53, 86,
    53, 88,
    53, 90,
    55, 13,
    55, 14,
    55, 15,
    55, 27,
    55, 28,
    55, 34,
    55, 66,
    55, 70,
    55, 74,
    55, 80,
    55, 83,
    55, 86,
    55, 90,
    56, 13,
    56, 14,
    56, 15,
    56, 27,
    56, 28,
    56, 34,
    56, 66,
    56, 70,
    56, 80,
    56, 83,
    56, 86,
    56, 90,
    58, 1,
    58, 13,
    58, 14,
    58, 15,
    58, 27,
    58, 28,
    58, 34,
    58, 66,
    58, 70,
    58, 74,
    58, 80,
    58, 81,
    58, 82,
    58, 86,
    58, 87,
    71, 71,
    83, 13,
    83, 15,
    87, 13,
    87, 15,
    88, 13,
    88, 15,
    90, 13,
    90, 15
};

/* Kerning between the respective left and right glyphs
 * 4.4 format which needs to scaled with `kern_scale`*/
static const int8_t kern_pair_values[] =
{
    -16, -5, -5, -21, -16, -21, -21, -11,
    -21, -5, -5, -5, -32, -32, -16, -11,
    -21, -21, -21, -21, -11, -5, -37, -37,
    -21, -5, -5, -5, -5, -5, -32, -16,
    -32, -32, -32, -21, -5, -32, -32, -32,
    -11, -32, -11, -32, -11, -16, -16, -26,
    -16, -26, -11, -11, -21, -21, -16, -5,
    -16, -11, -11, -11, -16, -5, -16, -5,
    -5, -11, -11, -5, -5, -5, -5, -3,
    -5, -37, -26, -37, -16, -19, -21, -21,
    -26, -11, -26, -21, -26, -16, -16, -5,
    -16, -16, -21, -21, -16, -16, -21, -21
};

/*Collect the kern pair's data in one place*/
static const lv_font_fmt_txt_kern_pair_t kern_pairs =
{
    .glyph_ids = kern_pair_glyph_ids,
    .values = kern_pair_values,
    .pair_cnt = 96,
    .glyph_ids_size = 1
};

/*--------------------
 *  ALL CUSTOM DATA
 *--------------------*/

#if LVGL_VERSION_MAJOR == 8
/*Store all the custom data of the font*/
static  lv_font_fmt_txt_glyph_cache_t cache;
#endif

#if LVGL_VERSION_MAJOR >= 8
static const lv_font_fmt_txt_dsc_t font_dsc = {
#else
static lv_font_fmt_txt_dsc_t font_dsc = {
#endif
    .glyph_bitmap = glyph_bitmap,
    .glyph_dsc = glyph_dsc,
    .cmaps = cmaps,
    .kern_dsc = &kern_pairs,
    .kern_scale = 16,
    .cmap_num = 4,
    .bpp = 4,
    .kern_classes = 0,
    .bitmap_format = 0,
#if LVGL_VERSION_MAJOR == 8
    .cache = &cache
#endif
};



/*-----------------
 *  PUBLIC FONT
 *----------------*/

/*Initialize a public general font descriptor*/
#if LVGL_VERSION_MAJOR >= 8
const lv_font_t ubo_icon_18 = {
#else
lv_font_t ubo_icon_18 = {
#endif
    .get_glyph_dsc = lv_font_get_glyph_dsc_fmt_txt,    /*Function pointer to get glyph's data*/
    .get_glyph_bitmap = lv_font_get_bitmap_fmt_txt,    /*Function pointer to get glyph's bitmap*/
    .line_height = 21,          /*The maximum line height required by the font*/
    .base_line = 5,             /*Baseline measured from the bottom of the line*/
#if !(LVGL_VERSION_MAJOR == 6 && LVGL_VERSION_MINOR == 0)
    .subpx = LV_FONT_SUBPX_NONE,
#endif
#if LV_VERSION_CHECK(7, 4, 0) || LVGL_VERSION_MAJOR >= 8
    .underline_position = -2,
    .underline_thickness = 1,
#endif
    .dsc = &font_dsc,          /*The custom font data. Will be accessed by `get_glyph_bitmap/dsc` */
#if LV_VERSION_CHECK(8, 2, 0) || LVGL_VERSION_MAJOR >= 9
    .fallback = NULL,
#endif
    .user_data = NULL,
};



#endif /*#if UBO_ICON_18*/

